contractId,contractNumber,customerId,organizationId,organizationName,ipocCode,productName,productType,contractDate,settlementDate,contractAmount,currency,dueDate,instalmentPeriodicity,instalmentPeriodicityAdditionalInfo,firstInstalmentDueDate,CET,amortizationScheduled,amortizationScheduledAdditionalInfo,interestRates/0/taxType,interestRates/0/interestRateType,interestRates/0/taxPeriodicity,interestRates/0/calculation,interestRates/0/referentialRateIndexerType,interestRates/0/referentialRateIndexerSubType,interestRates/0/referentialRateIndexerAdditionalInfo,interestRates/0/preFixedRate,interestRates/0/postFixedRate,interestRates/0/additionalInfo,contractedFees/0/feeName,contractedFees/0/feeCode,contractedFees/0/feeChargeType,contractedFees/0/feeCharge,contractedFees/0/feeAmount,contractedFees/0/feeRate,contractedFinanceCharges/0/chargeType,contractedFinanceCharges/0/chargeAdditionalInfo,contractedFinanceCharges/0/chargeRate
ca668093-07d3-4f26-89f3-ec32ab022e40,ca668093-07d3-4f26-89f3-ec32ab022e40,362.529.240-03,63d929c5-2a09-479e-806c-8cd073a029ab,Instituição Financeira 05,NA,Crédito Pessoal Consignado,FINANCIAMENTOS_IMOBILIARIOS,2021-01-28,NA,615108.99,BRL,2051-02-26,MENSAL,Periodicidade Mensal,2021-02-27,0.45392925759775493,SAC,NA,EFETIVA,SIMPLES,AA,21/252,PRE_FIXADO,TJLP,Informações adicionais,0.044609137726742576,NA,Informações adicionais,Excesso em Conta,EXCESSO_CONTA,UNICA,MINIMO,89.69,0.6320659294715771,JUROS_REMUNERATORIOS_POR_ATRASO,Informações adicionais sobre encargos.,0.18735783332339717
eb69140c-1573-4ae8-8ede-3f420c8c6053,eb69140c-1573-4ae8-8ede-3f420c8c6053,793.879.991-03,d3d2b0d5-903a-4f9f-b793-c139490d5ca7,Instituição Financeira 09,NA,Crédito Pessoal Consignado,FINANCIAMENTOS,2021-03-06,NA,19119.91,BRL,2024-04-04,MENSAL,Periodicidade Mensal,2021-04-05,0.5551604032492812,SAC,NA,EFETIVA,SIMPLES,AA,21/252,PRE_FIXADO,TJLP,Informações adicionais,0.006102058699537061,NA,Informações adicionais,Excesso em Conta,EXCESSO_CONTA,UNICA,MINIMO,72.64,0.6345063572057767,JUROS_REMUNERATORIOS_POR_ATRASO,Informações adicionais sobre encargos.,0.4620026859570119
231031b1-971b-4e07-95a5-a4066a7ad66f,231031b1-971b-4e07-95a5-a4066a7ad66f,927.518.283-33,69665991-da55-4aac-a1f2-32d23daba8fe,Instituição Financeira 03,NA,Crédito Pessoal Consignado,FINANCIAMENTOS,2021-03-02,NA,48957.73,BRL,2022-03-31,MENSAL,Periodicidade Mensal,2021-04-01,0.5373837782512105,SAC,NA,EFETIVA,SIMPLES,AA,21/252,PRE_FIXADO,TJLP,Informações adicionais,0.3098335058150026,NA,Informações adicionais,Excesso em Conta,EXCESSO_CONTA,UNICA,MINIMO,46.29,0.07981421711366199,JUROS_REMUNERATORIOS_POR_ATRASO,Informações adicionais sobre encargos.,0.9333717299182822
df0c2cd1-5942-4a6e-b5bf-2f3adf264ecf,df0c2cd1-5942-4a6e-b5bf-2f3adf264ecf,181.742.477-09,f4851ca0-7163-4d71-97a7-df1e999c047f,Instituição Financeira 07,NA,Crédito Pessoal Consignado,FINANCIAMENTOS_RURAIS,2021-03-17,NA,921469.64,BRL,2031-04-15,MENSAL,Periodicidade Mensal,2021-04-16,0.9738712867422523,SAC,NA,EFETIVA,SIMPLES,AA,21/252,PRE_FIXADO,TJLP,Informações adicionais,0.700599852777184,NA,Informações adicionais,Excesso em Conta,EXCESSO_CONTA,UNICA,MINIMO,40.98,0.8885529298568942,JUROS_REMUNERATORIOS_POR_ATRASO,Informações adicionais sobre encargos.,0.1844099365114098
6b5d7385-370e-4e53-97ca-94360b30b250,6b5d7385-370e-4e53-97ca-94360b30b250,233.845.513-06,63d929c5-2a09-479e-806c-8cd073a029ab,Instituição Financeira 05,NA,Crédito Pessoal Consignado,FINANCIAMENTOS,2021-05-09,NA,24848.59,BRL,2022-06-07,MENSAL,Periodicidade Mensal,2021-06-08,0.11986370308391603,SAC,NA,EFETIVA,SIMPLES,AA,21/252,PRE_FIXADO,TJLP,Informações adicionais,0.8583071835038942,NA,Informações adicionais,Excesso em Conta,EXCESSO_CONTA,UNICA,MINIMO,89.22,0.5382169142093705,JUROS_REMUNERATORIOS_POR_ATRASO,Informações adicionais sobre encargos.,0.03649513643704827
7fe4985d-3a13-4722-bb9b-9531fbd0e5e4,7fe4985d-3a13-4722-bb9b-9531fbd0e5e4,199.647.034-21,3fda1ef5-4b72-4557-bcbf-296780ba2c1f,Instituição Financeira 01,NA,Crédito Pessoal Consignado,FINANCIAMENTOS_RURAIS,2021-02-24,NA,219206.46,BRL,2051-03-22,MENSAL,Periodicidade Mensal,2021-03-23,0.16036211396838773,SAC,NA,EFETIVA,SIMPLES,AA,21/252,PRE_FIXADO,TJLP,Informações adicionais,0.6574478589360093,NA,Informações adicionais,Excesso em Conta,EXCESSO_CONTA,UNICA,MINIMO,89.17,0.33135009957432504,JUROS_REMUNERATORIOS_POR_ATRASO,Informações adicionais sobre encargos.,0.12825638801369355
497b08b0-368b-47cf-82f5-fb609dfc68bb,497b08b0-368b-47cf-82f5-fb609dfc68bb,506.244.470-74,3fda1ef5-4b72-4557-bcbf-296780ba2c1f,Instituição Financeira 01,NA,Crédito Pessoal Consignado,FINANCIAMENTOS_IMOBILIARIOS,2021-07-12,NA,792277.26,BRL,2031-08-10,MENSAL,Periodicidade Mensal,2021-08-11,0.817750244297732,SAC,NA,EFETIVA,SIMPLES,AA,21/252,PRE_FIXADO,TJLP,Informações adicionais,0.9033739964812373,NA,Informações adicionais,Excesso em Conta,EXCESSO_CONTA,UNICA,MINIMO,35.42,0.24700480768594169,JUROS_REMUNERATORIOS_POR_ATRASO,Informações adicionais sobre encargos.,0.03751628828990805
75e1d45c-11c0-4dee-86bf-1e46c03036d1,75e1d45c-11c0-4dee-86bf-1e46c03036d1,759.458.206-07,459b64e6-be78-4777-8b0b-f3b14e61ef31,Instituição Financeira 02,NA,Crédito Pessoal Consignado,FINANCIAMENTOS_IMOBILIARIOS,2021-04-29,NA,1313611.98,BRL,2041-05-27,MENSAL,Periodicidade Mensal,2021-05-28,0.8634542797421285,SAC,NA,EFETIVA,SIMPLES,AA,21/252,PRE_FIXADO,TJLP,Informações adicionais,0.0048247728338859375,NA,Informações adicionais,Excesso em Conta,EXCESSO_CONTA,UNICA,MINIMO,68.66,0.26197122635109826,JUROS_REMUNERATORIOS_POR_ATRASO,Informações adicionais sobre encargos.,0.7584411128205168
f6fd98ba-12c3-4921-b6e0-02f6100ab336,f6fd98ba-12c3-4921-b6e0-02f6100ab336,781.636.757-89,a81729b5-ec71-4552-b4b1-26931c130154,Instituição Financeira 04,NA,Crédito Pessoal Consignado,FINANCIAMENTOS,2021-09-10,NA,14851.64,BRL,2022-10-08,MENSAL,Periodicidade Mensal,2021-10-09,0.5445096594256522,SAC,NA,EFETIVA,SIMPLES,AA,21/252,PRE_FIXADO,TJLP,Informações adicionais,0.9263884067326302,NA,Informações adicionais,Excesso em Conta,EXCESSO_CONTA,UNICA,MINIMO,7.48,0.8165986747137035,JUROS_REMUNERATORIOS_POR_ATRASO,Informações adicionais sobre encargos.,0.274386111626707
27e5daa2-8510-44cc-9a4a-77a8f1991972,27e5daa2-8510-44cc-9a4a-77a8f1991972,205.754.599-73,69665991-da55-4aac-a1f2-32d23daba8fe,Instituição Financeira 03,NA,Crédito Pessoal Consignado,FINANCIAMENTOS_RURAIS,2021-07-05,NA,593470.18,BRL,2051-08-03,MENSAL,Periodicidade Mensal,2021-08-04,0.415171486513233,SAC,NA,EFETIVA,SIMPLES,AA,21/252,PRE_FIXADO,TJLP,Informações adicionais,0.543034288427843,NA,Informações adicionais,Excesso em Conta,EXCESSO_CONTA,UNICA,MINIMO,24.26,0.6486151298233092,JUROS_REMUNERATORIOS_POR_ATRASO,Informações adicionais sobre encargos.,0.9136385264655349
830cfa32-f444-4579-b4e6-7900a852efe2,830cfa32-f444-4579-b4e6-7900a852efe2,873.074.506-08,3506654e-b794-4818-b2b1-12f2efb03d39,Instituição Financeira 08,NA,Crédito Pessoal Consignado,FINANCIAMENTOS_IMOBILIARIOS,2021-01-24,NA,1384487.94,BRL,2041-02-22,MENSAL,Periodicidade Mensal,2021-02-23,0.7738809586169313,SAC,NA,EFETIVA,SIMPLES,AA,21/252,PRE_FIXADO,TJLP,Informações adicionais,0.5735156077699628,NA,Informações adicionais,Excesso em Conta,EXCESSO_CONTA,UNICA,MINIMO,31.99,0.07753823007510596,JUROS_REMUNERATORIOS_POR_ATRASO,Informações adicionais sobre encargos.,0.5261918032983164
9b97c3db-585a-48c5-a0bb-6e4138c55309,9b97c3db-585a-48c5-a0bb-6e4138c55309,858.966.616-86,a81729b5-ec71-4552-b4b1-26931c130154,Instituição Financeira 04,NA,Crédito Pessoal Consignado,FINANCIAMENTOS,2021-02-16,NA,20423.63,BRL,2022-03-14,MENSAL,Periodicidade Mensal,2021-03-15,0.44085681407537236,SAC,NA,EFETIVA,SIMPLES,AA,21/252,PRE_FIXADO,TJLP,Informações adicionais,0.22816787504138336,NA,Informações adicionais,Excesso em Conta,EXCESSO_CONTA,UNICA,MINIMO,10.23,0.6510151080413691,JUROS_REMUNERATORIOS_POR_ATRASO,Informações adicionais sobre encargos.,0.6056957442655275
3298e688-8873-4570-bcf6-7d54c282a332,3298e688-8873-4570-bcf6-7d54c282a332,920.660.250-28,459b64e6-be78-4777-8b0b-f3b14e61ef31,Instituição Financeira 02,NA,Crédito Pessoal Consignado,FINANCIAMENTOS,2021-08-03,NA,26550.11,BRL,2023-09-01,MENSAL,Periodicidade Mensal,2021-09-02,0.07583113873178027,SAC,NA,EFETIVA,SIMPLES,AA,21/252,PRE_FIXADO,TJLP,Informações adicionais,0.9922577114874187,NA,Informações adicionais,Excesso em Conta,EXCESSO_CONTA,UNICA,MINIMO,36.03,0.6295743015215349,JUROS_REMUNERATORIOS_POR_ATRASO,Informações adicionais sobre encargos.,0.261735763725226
ed9be30e-19df-4731-aa33-132c17d79390,ed9be30e-19df-4731-aa33-132c17d79390,409.519.456-29,63d929c5-2a09-479e-806c-8cd073a029ab,Instituição Financeira 05,NA,Crédito Pessoal Consignado,FINANCIAMENTOS_IMOBILIARIOS,2021-06-23,NA,1409949.81,BRL,2031-07-21,MENSAL,Periodicidade Mensal,2021-07-22,0.7673334418447295,SAC,NA,EFETIVA,SIMPLES,AA,21/252,PRE_FIXADO,TJLP,Informações adicionais,0.9593891911261345,NA,Informações adicionais,Excesso em Conta,EXCESSO_CONTA,UNICA,MINIMO,95.28,0.5268018844310383,JUROS_REMUNERATORIOS_POR_ATRASO,Informações adicionais sobre encargos.,0.7692750329016849
7e67fe50-8926-4d85-8f4e-cf243ea482c7,7e67fe50-8926-4d85-8f4e-cf243ea482c7,058.052.168-72,3fda1ef5-4b72-4557-bcbf-296780ba2c1f,Instituição Financeira 01,NA,Crédito Pessoal Consignado,FINANCIAMENTOS_RURAIS,2021-01-28,NA,717755.89,BRL,2051-02-26,MENSAL,Periodicidade Mensal,2021-02-27,0.007590768212358157,SAC,NA,EFETIVA,SIMPLES,AA,21/252,PRE_FIXADO,TJLP,Informações adicionais,0.26502271453726034,NA,Informações adicionais,Excesso em Conta,EXCESSO_CONTA,UNICA,MINIMO,35.53,0.7494092757311352,JUROS_REMUNERATORIOS_POR_ATRASO,Informações adicionais sobre encargos.,0.35442051112748185
d84d1603-0c03-49ed-8967-316c7746af8f,d84d1603-0c03-49ed-8967-316c7746af8f,863.884.269-14,63d929c5-2a09-479e-806c-8cd073a029ab,Instituição Financeira 05,NA,Crédito Pessoal Consignado,FINANCIAMENTOS_IMOBILIARIOS,2021-02-22,NA,1157206.31,BRL,2031-03-20,MENSAL,Periodicidade Mensal,2021-03-21,0.9836216185420803,SAC,NA,EFETIVA,SIMPLES,AA,21/252,PRE_FIXADO,TJLP,Informações adicionais,0.4103223516887997,NA,Informações adicionais,Excesso em Conta,EXCESSO_CONTA,UNICA,MINIMO,91.64,0.5336506422417373,JUROS_REMUNERATORIOS_POR_ATRASO,Informações adicionais sobre encargos.,0.8023585898785717
871fdcc6-7682-4f2f-8b91-477c38e41bee,871fdcc6-7682-4f2f-8b91-477c38e41bee,833.684.540-99,f4851ca0-7163-4d71-97a7-df1e999c047f,Instituição Financeira 07,NA,Crédito Pessoal Consignado,FINANCIAMENTOS_IMOBILIARIOS,2021-11-03,NA,1343675.15,BRL,2041-12-01,MENSAL,Periodicidade Mensal,2021-12-02,0.3038405966754052,SAC,NA,EFETIVA,SIMPLES,AA,21/252,PRE_FIXADO,TJLP,Informações adicionais,0.10212388749716594,NA,Informações adicionais,Excesso em Conta,EXCESSO_CONTA,UNICA,MINIMO,66.84,0.8028622259991323,JUROS_REMUNERATORIOS_POR_ATRASO,Informações adicionais sobre encargos.,0.9592877115816658
9e1e0b24-5e20-4a41-987c-b80d3652433c,9e1e0b24-5e20-4a41-987c-b80d3652433c,020.365.809-11,459b64e6-be78-4777-8b0b-f3b14e61ef31,Instituição Financeira 02,NA,Crédito Pessoal Consignado,FINANCIAMENTOS_RURAIS,2021-08-01,NA,252585.27,BRL,2031-08-30,MENSAL,Periodicidade Mensal,2021-08-31,0.3268031965039342,SAC,NA,EFETIVA,SIMPLES,AA,21/252,PRE_FIXADO,TJLP,Informações adicionais,0.3111717849898987,NA,Informações adicionais,Excesso em Conta,EXCESSO_CONTA,UNICA,MINIMO,42.28,0.16978467168475486,JUROS_REMUNERATORIOS_POR_ATRASO,Informações adicionais sobre encargos.,0.8286083441501619
2429d66c-c013-4c17-bd47-b1b8db74a49c,2429d66c-c013-4c17-bd47-b1b8db74a49c,242.515.499-46,3fda1ef5-4b72-4557-bcbf-296780ba2c1f,Instituição Financeira 01,NA,Crédito Pessoal Consignado,FINANCIAMENTOS,2021-09-17,NA,46631.42,BRL,2024-10-15,MENSAL,Periodicidade Mensal,2021-10-16,0.2707475505431687,SAC,NA,EFETIVA,SIMPLES,AA,21/252,PRE_FIXADO,TJLP,Informações adicionais,0.2978528259930253,NA,Informações adicionais,Excesso em Conta,EXCESSO_CONTA,UNICA,MINIMO,17.74,0.05532364973073922,JUROS_REMUNERATORIOS_POR_ATRASO,Informações adicionais sobre encargos.,0.168125159308248
dd2eebb5-60d4-4422-a2f2-6beb26947bb8,dd2eebb5-60d4-4422-a2f2-6beb26947bb8,853.431.701-97,63d929c5-2a09-479e-806c-8cd073a029ab,Instituição Financeira 05,NA,Crédito Pessoal Consignado,FINANCIAMENTOS_IMOBILIARIOS,2021-02-23,NA,826561.05,BRL,2041-03-21,MENSAL,Periodicidade Mensal,2021-03-22,0.3536736559274305,SAC,NA,EFETIVA,SIMPLES,AA,21/252,PRE_FIXADO,TJLP,Informações adicionais,0.11670775012836554,NA,Informações adicionais,Excesso em Conta,EXCESSO_CONTA,UNICA,MINIMO,16.85,0.9469679326535074,JUROS_REMUNERATORIOS_POR_ATRASO,Informações adicionais sobre encargos.,0.6148506729148715
2323f46d-306e-4d71-ae8f-2b8cb645d0bd,2323f46d-306e-4d71-ae8f-2b8cb645d0bd,281.518.068-01,3506654e-b794-4818-b2b1-12f2efb03d39,Instituição Financeira 08,NA,Crédito Pessoal Consignado,FINANCIAMENTOS,2021-10-13,NA,32508.59,BRL,2022-11-11,MENSAL,Periodicidade Mensal,2021-11-12,0.037625755454301135,SAC,NA,EFETIVA,SIMPLES,AA,21/252,PRE_FIXADO,TJLP,Informações adicionais,0.22147409519063732,NA,Informações adicionais,Excesso em Conta,EXCESSO_CONTA,UNICA,MINIMO,37.77,0.33958187013447905,JUROS_REMUNERATORIOS_POR_ATRASO,Informações adicionais sobre encargos.,0.4813837347540235
cea5dd0f-4c50-4fcb-9a46-9ba715de6be4,cea5dd0f-4c50-4fcb-9a46-9ba715de6be4,661.327.094-28,f4851ca0-7163-4d71-97a7-df1e999c047f,Instituição Financeira 07,NA,Crédito Pessoal Consignado,FINANCIAMENTOS,2021-08-13,NA,18164.93,BRL,2022-09-11,MENSAL,Periodicidade Mensal,2021-09-12,0.9905634095401732,SAC,NA,EFETIVA,SIMPLES,AA,21/252,PRE_FIXADO,TJLP,Informações adicionais,0.6798302197344197,NA,Informações adicionais,Excesso em Conta,EXCESSO_CONTA,UNICA,MINIMO,79.55,0.5611815353621392,JUROS_REMUNERATORIOS_POR_ATRASO,Informações adicionais sobre encargos.,0.5603626723264556
cc7e9a5d-c8f4-4878-8da8-bcb9b932f0e4,cc7e9a5d-c8f4-4878-8da8-bcb9b932f0e4,603.884.694-94,e7fc1280-4dd3-4977-bc24-c08ffea8baf5,Instituição Financeira 06,NA,Crédito Pessoal Consignado,FINANCIAMENTOS,2021-07-17,NA,21097.01,BRL,2022-08-15,MENSAL,Periodicidade Mensal,2021-08-16,0.8016015122165041,SAC,NA,EFETIVA,SIMPLES,AA,21/252,PRE_FIXADO,TJLP,Informações adicionais,0.9626505006487849,NA,Informações adicionais,Excesso em Conta,EXCESSO_CONTA,UNICA,MINIMO,86.04,0.2549613207202055,JUROS_REMUNERATORIOS_POR_ATRASO,Informações adicionais sobre encargos.,0.6086409821202621
2f943f2d-1a9d-4490-aa78-23bcb5e3ab8f,2f943f2d-1a9d-4490-aa78-23bcb5e3ab8f,626.944.009-98,a81729b5-ec71-4552-b4b1-26931c130154,Instituição Financeira 04,NA,Crédito Pessoal Consignado,FINANCIAMENTOS_IMOBILIARIOS,2021-01-16,NA,1733767.27,BRL,2031-02-14,MENSAL,Periodicidade Mensal,2021-02-15,0.9599743468757787,SAC,NA,EFETIVA,SIMPLES,AA,21/252,PRE_FIXADO,TJLP,Informações adicionais,0.2287429939281378,NA,Informações adicionais,Excesso em Conta,EXCESSO_CONTA,UNICA,MINIMO,50.21,0.03713015294392785,JUROS_REMUNERATORIOS_POR_ATRASO,Informações adicionais sobre encargos.,0.4327536933368823
84a9d0f4-e7ea-4326-be37-44487b5de061,84a9d0f4-e7ea-4326-be37-44487b5de061,817.684.428-53,d3d2b0d5-903a-4f9f-b793-c139490d5ca7,Instituição Financeira 09,NA,Crédito Pessoal Consignado,FINANCIAMENTOS_RURAIS,2021-03-03,NA,446831.28,BRL,2041-04-01,MENSAL,Periodicidade Mensal,2021-04-02,0.9218515802211766,SAC,NA,EFETIVA,SIMPLES,AA,21/252,PRE_FIXADO,TJLP,Informações adicionais,0.7061275825116944,NA,Informações adicionais,Excesso em Conta,EXCESSO_CONTA,UNICA,MINIMO,21.23,0.20976075024125151,JUROS_REMUNERATORIOS_POR_ATRASO,Informações adicionais sobre encargos.,0.1841287830706413
dcb646cf-08d4-402d-b994-89d8b2db0323,dcb646cf-08d4-402d-b994-89d8b2db0323,827.813.256-54,f4851ca0-7163-4d71-97a7-df1e999c047f,Instituição Financeira 07,NA,Crédito Pessoal Consignado,FINANCIAMENTOS_RURAIS,2021-11-12,NA,206553.71,BRL,2031-12-10,MENSAL,Periodicidade Mensal,2021-12-11,0.027595593022385678,SAC,NA,EFETIVA,SIMPLES,AA,21/252,PRE_FIXADO,TJLP,Informações adicionais,0.624566196050399,NA,Informações adicionais,Excesso em Conta,EXCESSO_CONTA,UNICA,MINIMO,1.2,0.20670982243308456,JUROS_REMUNERATORIOS_POR_ATRASO,Informações adicionais sobre encargos.,0.6807896616622273
5fe74b33-6337-4b52-8c10-9a4d63260f87,5fe74b33-6337-4b52-8c10-9a4d63260f87,876.896.984-78,69665991-da55-4aac-a1f2-32d23daba8fe,Instituição Financeira 03,NA,Crédito Pessoal Consignado,FINANCIAMENTOS_IMOBILIARIOS,2021-08-21,NA,1855117.57,BRL,2041-09-19,MENSAL,Periodicidade Mensal,2021-09-20,0.57053500686818,SAC,NA,EFETIVA,SIMPLES,AA,21/252,PRE_FIXADO,TJLP,Informações adicionais,0.21607173461065887,NA,Informações adicionais,Excesso em Conta,EXCESSO_CONTA,UNICA,MINIMO,98.12,0.9458247713512755,JUROS_REMUNERATORIOS_POR_ATRASO,Informações adicionais sobre encargos.,0.9698697259898352
17db57ce-30fa-499a-91ce-e7a46ac9e0ab,17db57ce-30fa-499a-91ce-e7a46ac9e0ab,571.596.480-01,a81729b5-ec71-4552-b4b1-26931c130154,Instituição Financeira 04,NA,Crédito Pessoal Consignado,FINANCIAMENTOS_IMOBILIARIOS,2021-04-12,NA,639620.15,BRL,2041-05-10,MENSAL,Periodicidade Mensal,2021-05-11,0.4998039416123261,SAC,NA,EFETIVA,SIMPLES,AA,21/252,PRE_FIXADO,TJLP,Informações adicionais,0.2197600757317142,NA,Informações adicionais,Excesso em Conta,EXCESSO_CONTA,UNICA,MINIMO,41.58,0.01642374159295157,JUROS_REMUNERATORIOS_POR_ATRASO,Informações adicionais sobre encargos.,0.7478477748561203
943c0468-7db4-4590-95d7-51f8354a67ed,943c0468-7db4-4590-95d7-51f8354a67ed,312.738.890-33,63d929c5-2a09-479e-806c-8cd073a029ab,Instituição Financeira 05,NA,Crédito Pessoal Consignado,FINANCIAMENTOS_IMOBILIARIOS,2021-03-06,NA,1137479.99,BRL,2031-04-04,MENSAL,Periodicidade Mensal,2021-04-05,0.13626614601549503,SAC,NA,EFETIVA,SIMPLES,AA,21/252,PRE_FIXADO,TJLP,Informações adicionais,0.8833052542316888,NA,Informações adicionais,Excesso em Conta,EXCESSO_CONTA,UNICA,MINIMO,38.47,0.9050221915342147,JUROS_REMUNERATORIOS_POR_ATRASO,Informações adicionais sobre encargos.,0.5614025634673254
2a0d9f96-87c4-43bb-9fb2-a4ea56dcfffd,2a0d9f96-87c4-43bb-9fb2-a4ea56dcfffd,485.718.482-43,459b64e6-be78-4777-8b0b-f3b14e61ef31,Instituição Financeira 02,NA,Crédito Pessoal Consignado,FINANCIAMENTOS_RURAIS,2021-11-11,NA,857364.12,BRL,2041-12-09,MENSAL,Periodicidade Mensal,2021-12-10,0.3709534143413393,SAC,NA,EFETIVA,SIMPLES,AA,21/252,PRE_FIXADO,TJLP,Informações adicionais,0.14169765809257306,NA,Informações adicionais,Excesso em Conta,EXCESSO_CONTA,UNICA,MINIMO,1.94,0.701340149033761,JUROS_REMUNERATORIOS_POR_ATRASO,Informações adicionais sobre encargos.,0.32938598359901583
7b66aaca-217a-444c-ac39-1ee9426c9f1c,7b66aaca-217a-444c-ac39-1ee9426c9f1c,302.311.162-07,3fda1ef5-4b72-4557-bcbf-296780ba2c1f,Instituição Financeira 01,NA,Crédito Pessoal Consignado,FINANCIAMENTOS_RURAIS,2021-10-22,NA,548760.13,BRL,2031-11-20,MENSAL,Periodicidade Mensal,2021-11-21,0.6793818224122192,SAC,NA,EFETIVA,SIMPLES,AA,21/252,PRE_FIXADO,TJLP,Informações adicionais,0.24785759017861664,NA,Informações adicionais,Excesso em Conta,EXCESSO_CONTA,UNICA,MINIMO,5.57,0.39378646781507287,JUROS_REMUNERATORIOS_POR_ATRASO,Informações adicionais sobre encargos.,0.8633389110322254
cdeccb5e-45d9-4710-8496-b71074aeb34b,cdeccb5e-45d9-4710-8496-b71074aeb34b,854.825.237-29,e7fc1280-4dd3-4977-bc24-c08ffea8baf5,Instituição Financeira 06,NA,Crédito Pessoal Consignado,FINANCIAMENTOS,2021-05-30,NA,38411.41,BRL,2023-06-28,MENSAL,Periodicidade Mensal,2021-06-29,0.48735259900769257,SAC,NA,EFETIVA,SIMPLES,AA,21/252,PRE_FIXADO,TJLP,Informações adicionais,0.2173727393744156,NA,Informações adicionais,Excesso em Conta,EXCESSO_CONTA,UNICA,MINIMO,90.15,0.5792682494007415,JUROS_REMUNERATORIOS_POR_ATRASO,Informações adicionais sobre encargos.,0.2737101562397226
dd31d3f4-7abf-40d5-9478-b6dff562b3ba,dd31d3f4-7abf-40d5-9478-b6dff562b3ba,525.068.150-07,69665991-da55-4aac-a1f2-32d23daba8fe,Instituição Financeira 03,NA,Crédito Pessoal Consignado,FINANCIAMENTOS_RURAIS,2021-03-16,NA,710625.28,BRL,2031-04-14,MENSAL,Periodicidade Mensal,2021-04-15,0.10629494117642291,SAC,NA,EFETIVA,SIMPLES,AA,21/252,PRE_FIXADO,TJLP,Informações adicionais,0.9303113460550889,NA,Informações adicionais,Excesso em Conta,EXCESSO_CONTA,UNICA,MINIMO,22.11,0.2482805136774464,JUROS_REMUNERATORIOS_POR_ATRASO,Informações adicionais sobre encargos.,0.07099784688244148
62eaf99a-6bdb-4a26-81c4-c693dd4df9e9,62eaf99a-6bdb-4a26-81c4-c693dd4df9e9,181.226.473-68,63d929c5-2a09-479e-806c-8cd073a029ab,Instituição Financeira 05,NA,Crédito Pessoal Consignado,FINANCIAMENTOS_IMOBILIARIOS,2021-02-06,NA,1384811.38,BRL,2051-03-04,MENSAL,Periodicidade Mensal,2021-03-05,0.6070199625027395,SAC,NA,EFETIVA,SIMPLES,AA,21/252,PRE_FIXADO,TJLP,Informações adicionais,0.003749092540121346,NA,Informações adicionais,Excesso em Conta,EXCESSO_CONTA,UNICA,MINIMO,30.77,0.7409126685700609,JUROS_REMUNERATORIOS_POR_ATRASO,Informações adicionais sobre encargos.,0.6737283900532882
df0a5965-b14b-4c59-89de-6ff503800f05,df0a5965-b14b-4c59-89de-6ff503800f05,270.180.738-87,3506654e-b794-4818-b2b1-12f2efb03d39,Instituição Financeira 08,NA,Crédito Pessoal Consignado,FINANCIAMENTOS_IMOBILIARIOS,2021-02-05,NA,1350542.61,BRL,2041-03-03,MENSAL,Periodicidade Mensal,2021-03-04,0.7243004515306297,SAC,NA,EFETIVA,SIMPLES,AA,21/252,PRE_FIXADO,TJLP,Informações adicionais,0.4265308353217139,NA,Informações adicionais,Excesso em Conta,EXCESSO_CONTA,UNICA,MINIMO,62.15,0.4083288440584736,JUROS_REMUNERATORIOS_POR_ATRASO,Informações adicionais sobre encargos.,0.32137306263726106
af586165-854d-44bf-b9d7-b38b882f5a83,af586165-854d-44bf-b9d7-b38b882f5a83,112.975.895-01,d3d2b0d5-903a-4f9f-b793-c139490d5ca7,Instituição Financeira 09,NA,Crédito Pessoal Consignado,FINANCIAMENTOS_RURAIS,2021-09-13,NA,383258.94,BRL,2051-10-11,MENSAL,Periodicidade Mensal,2021-10-12,0.7934485685873061,SAC,NA,EFETIVA,SIMPLES,AA,21/252,PRE_FIXADO,TJLP,Informações adicionais,0.8865685890754942,NA,Informações adicionais,Excesso em Conta,EXCESSO_CONTA,UNICA,MINIMO,38.39,0.9534131839379822,JUROS_REMUNERATORIOS_POR_ATRASO,Informações adicionais sobre encargos.,0.5319577588581845
32454f35-b938-4dbf-945b-fe0d114ebaff,32454f35-b938-4dbf-945b-fe0d114ebaff,343.644.278-86,ac2ab4c1-dc48-4958-b964-e46938817aaa,Instituição Financeira 10,NA,Crédito Pessoal Consignado,FINANCIAMENTOS,2021-09-01,NA,39145.43,BRL,2023-09-30,MENSAL,Periodicidade Mensal,2021-10-01,0.05163768282152992,SAC,NA,EFETIVA,SIMPLES,AA,21/252,PRE_FIXADO,TJLP,Informações adicionais,0.2886048870594782,NA,Informações adicionais,Excesso em Conta,EXCESSO_CONTA,UNICA,MINIMO,11.46,0.7789557676786985,JUROS_REMUNERATORIOS_POR_ATRASO,Informações adicionais sobre encargos.,0.20517240883529753
f2b015d5-8496-4277-b4dd-d35440eac927,f2b015d5-8496-4277-b4dd-d35440eac927,895.494.477-55,e7fc1280-4dd3-4977-bc24-c08ffea8baf5,Instituição Financeira 06,NA,Crédito Pessoal Consignado,FINANCIAMENTOS_IMOBILIARIOS,2021-01-22,NA,1788803.23,BRL,2031-02-20,MENSAL,Periodicidade Mensal,2021-02-21,0.7670287472214279,SAC,NA,EFETIVA,SIMPLES,AA,21/252,PRE_FIXADO,TJLP,Informações adicionais,0.40412880069665413,NA,Informações adicionais,Excesso em Conta,EXCESSO_CONTA,UNICA,MINIMO,3.84,0.3960818076978929,JUROS_REMUNERATORIOS_POR_ATRASO,Informações adicionais sobre encargos.,0.9237394995359647
d7b5c147-dae6-4d91-abe2-aee8a8aee06d,d7b5c147-dae6-4d91-abe2-aee8a8aee06d,875.543.757-42,d3d2b0d5-903a-4f9f-b793-c139490d5ca7,Instituição Financeira 09,NA,Crédito Pessoal Consignado,FINANCIAMENTOS_IMOBILIARIOS,2021-07-02,NA,1488190.04,BRL,2041-07-31,MENSAL,Periodicidade Mensal,2021-08-01,0.8028812804701766,SAC,NA,EFETIVA,SIMPLES,AA,21/252,PRE_FIXADO,TJLP,Informações adicionais,0.38368900269227324,NA,Informações adicionais,Excesso em Conta,EXCESSO_CONTA,UNICA,MINIMO,54.25,0.3339566881735263,JUROS_REMUNERATORIOS_POR_ATRASO,Informações adicionais sobre encargos.,0.5636023639517151
8cc10b76-c2d2-4e97-92f7-3deed588447c,8cc10b76-c2d2-4e97-92f7-3deed588447c,756.248.980-76,3506654e-b794-4818-b2b1-12f2efb03d39,Instituição Financeira 08,NA,Crédito Pessoal Consignado,FINANCIAMENTOS_RURAIS,2021-11-14,NA,704126.93,BRL,2041-12-12,MENSAL,Periodicidade Mensal,2021-12-13,0.8175205300950761,SAC,NA,EFETIVA,SIMPLES,AA,21/252,PRE_FIXADO,TJLP,Informações adicionais,0.8931724190477457,NA,Informações adicionais,Excesso em Conta,EXCESSO_CONTA,UNICA,MINIMO,62.79,0.17423109336797138,JUROS_REMUNERATORIOS_POR_ATRASO,Informações adicionais sobre encargos.,0.40328405256164457
644bff82-dcb6-4c88-820f-9c49c05caeb5,644bff82-dcb6-4c88-820f-9c49c05caeb5,332.256.817-65,459b64e6-be78-4777-8b0b-f3b14e61ef31,Instituição Financeira 02,NA,Crédito Pessoal Consignado,FINANCIAMENTOS_RURAIS,2021-03-19,NA,706656.04,BRL,2031-04-17,MENSAL,Periodicidade Mensal,2021-04-18,0.7869633482936178,SAC,NA,EFETIVA,SIMPLES,AA,21/252,PRE_FIXADO,TJLP,Informações adicionais,0.24917745918702772,NA,Informações adicionais,Excesso em Conta,EXCESSO_CONTA,UNICA,MINIMO,58.93,0.295757994838568,JUROS_REMUNERATORIOS_POR_ATRASO,Informações adicionais sobre encargos.,0.051946976760714136
4f1934dc-ad73-4d2d-9ac3-ff7474f95215,4f1934dc-ad73-4d2d-9ac3-ff7474f95215,143.699.586-88,a81729b5-ec71-4552-b4b1-26931c130154,Instituição Financeira 04,NA,Crédito Pessoal Consignado,FINANCIAMENTOS,2021-10-21,NA,25035.11,BRL,2022-11-19,MENSAL,Periodicidade Mensal,2021-11-20,0.6830985383031971,SAC,NA,EFETIVA,SIMPLES,AA,21/252,PRE_FIXADO,TJLP,Informações adicionais,0.16561438516911275,NA,Informações adicionais,Excesso em Conta,EXCESSO_CONTA,UNICA,MINIMO,35.87,0.2022945003138641,JUROS_REMUNERATORIOS_POR_ATRASO,Informações adicionais sobre encargos.,0.6233600333509923
9ea45386-7617-4232-bf40-25abee1edf75,9ea45386-7617-4232-bf40-25abee1edf75,558.869.411-41,459b64e6-be78-4777-8b0b-f3b14e61ef31,Instituição Financeira 02,NA,Crédito Pessoal Consignado,FINANCIAMENTOS_RURAIS,2021-05-17,NA,352662.96,BRL,2031-06-15,MENSAL,Periodicidade Mensal,2021-06-16,0.9133185225202114,SAC,NA,EFETIVA,SIMPLES,AA,21/252,PRE_FIXADO,TJLP,Informações adicionais,0.3889634623045397,NA,Informações adicionais,Excesso em Conta,EXCESSO_CONTA,UNICA,MINIMO,79.21,0.5142456490842309,JUROS_REMUNERATORIOS_POR_ATRASO,Informações adicionais sobre encargos.,0.9696541660787785
25ac1e41-c39d-4a6a-8c34-15d5474375b4,25ac1e41-c39d-4a6a-8c34-15d5474375b4,486.773.357-66,63d929c5-2a09-479e-806c-8cd073a029ab,Instituição Financeira 05,NA,Crédito Pessoal Consignado,FINANCIAMENTOS_RURAIS,2021-10-19,NA,996604.77,BRL,2041-11-17,MENSAL,Periodicidade Mensal,2021-11-18,0.2855630146855461,SAC,NA,EFETIVA,SIMPLES,AA,21/252,PRE_FIXADO,TJLP,Informações adicionais,0.8660596670130842,NA,Informações adicionais,Excesso em Conta,EXCESSO_CONTA,UNICA,MINIMO,57.12,0.6185898570347337,JUROS_REMUNERATORIOS_POR_ATRASO,Informações adicionais sobre encargos.,0.015752320851917467
8be7a6f0-fac7-41d2-8df5-6ea50cef25ae,8be7a6f0-fac7-41d2-8df5-6ea50cef25ae,404.796.009-71,e7fc1280-4dd3-4977-bc24-c08ffea8baf5,Instituição Financeira 06,NA,Crédito Pessoal Consignado,FINANCIAMENTOS,2021-01-30,NA,16141.52,BRL,2023-02-28,MENSAL,Periodicidade Mensal,2021-03-01,0.6168067953997058,SAC,NA,EFETIVA,SIMPLES,AA,21/252,PRE_FIXADO,TJLP,Informações adicionais,0.2749084403264279,NA,Informações adicionais,Excesso em Conta,EXCESSO_CONTA,UNICA,MINIMO,18.16,0.8941547343944456,JUROS_REMUNERATORIOS_POR_ATRASO,Informações adicionais sobre encargos.,0.11358139924288313
a6a858df-92e4-4f08-b8ce-100cd19ea13c,a6a858df-92e4-4f08-b8ce-100cd19ea13c,689.260.948-23,e7fc1280-4dd3-4977-bc24-c08ffea8baf5,Instituição Financeira 06,NA,Crédito Pessoal Consignado,FINANCIAMENTOS,2021-04-24,NA,14434.74,BRL,2024-05-22,MENSAL,Periodicidade Mensal,2021-05-23,0.3014148285989513,SAC,NA,EFETIVA,SIMPLES,AA,21/252,PRE_FIXADO,TJLP,Informações adicionais,0.35319104992771067,NA,Informações adicionais,Excesso em Conta,EXCESSO_CONTA,UNICA,MINIMO,70.33,0.8463485471591023,JUROS_REMUNERATORIOS_POR_ATRASO,Informações adicionais sobre encargos.,0.5269259126035226
001f2851-266c-4a85-9083-f08cd1bd5709,001f2851-266c-4a85-9083-f08cd1bd5709,939.316.884-93,3506654e-b794-4818-b2b1-12f2efb03d39,Instituição Financeira 08,NA,Crédito Pessoal Consignado,FINANCIAMENTOS_IMOBILIARIOS,2021-09-10,NA,1879257.56,BRL,2041-10-08,MENSAL,Periodicidade Mensal,2021-10-09,0.8981624111854549,SAC,NA,EFETIVA,SIMPLES,AA,21/252,PRE_FIXADO,TJLP,Informações adicionais,0.5405824335615634,NA,Informações adicionais,Excesso em Conta,EXCESSO_CONTA,UNICA,MINIMO,93.82,0.7209771587349958,JUROS_REMUNERATORIOS_POR_ATRASO,Informações adicionais sobre encargos.,0.4714360461303977
b70751b9-9c3d-4890-9681-a418a1bf0537,b70751b9-9c3d-4890-9681-a418a1bf0537,247.825.271-33,e7fc1280-4dd3-4977-bc24-c08ffea8baf5,Instituição Financeira 06,NA,Crédito Pessoal Consignado,FINANCIAMENTOS_RURAIS,2021-10-19,NA,467143.98,BRL,2041-11-17,MENSAL,Periodicidade Mensal,2021-11-18,0.9904894469275036,SAC,NA,EFETIVA,SIMPLES,AA,21/252,PRE_FIXADO,TJLP,Informações adicionais,0.48160494682424093,NA,Informações adicionais,Excesso em Conta,EXCESSO_CONTA,UNICA,MINIMO,14.07,0.37167537474806656,JUROS_REMUNERATORIOS_POR_ATRASO,Informações adicionais sobre encargos.,0.9698930413620499
677a7199-326d-4293-b328-b9c7b3d82a4b,677a7199-326d-4293-b328-b9c7b3d82a4b,819.247.588-78,ac2ab4c1-dc48-4958-b964-e46938817aaa,Instituição Financeira 10,NA,Crédito Pessoal Consignado,FINANCIAMENTOS_IMOBILIARIOS,2021-02-20,NA,1914616.88,BRL,2041-03-18,MENSAL,Periodicidade Mensal,2021-03-19,0.21222825874505435,SAC,NA,EFETIVA,SIMPLES,AA,21/252,PRE_FIXADO,TJLP,Informações adicionais,0.3131438322533293,NA,Informações adicionais,Excesso em Conta,EXCESSO_CONTA,UNICA,MINIMO,88.09,0.8402317045272465,JUROS_REMUNERATORIOS_POR_ATRASO,Informações adicionais sobre encargos.,0.796021937339028
7bdf0783-dc52-4a00-8821-cea8aa8ecb38,7bdf0783-dc52-4a00-8821-cea8aa8ecb38,846.076.555-20,3506654e-b794-4818-b2b1-12f2efb03d39,Instituição Financeira 08,NA,Crédito Pessoal Consignado,FINANCIAMENTOS_RURAIS,2021-06-17,NA,758471.93,BRL,2051-07-15,MENSAL,Periodicidade Mensal,2021-07-16,0.18352559089187026,SAC,NA,EFETIVA,SIMPLES,AA,21/252,PRE_FIXADO,TJLP,Informações adicionais,0.7245661032845505,NA,Informações adicionais,Excesso em Conta,EXCESSO_CONTA,UNICA,MINIMO,38.64,0.4795143170846261,JUROS_REMUNERATORIOS_POR_ATRASO,Informações adicionais sobre encargos.,0.30649809067868583
423aaa47-93d5-4a1f-8f50-b0e07e60ff91,423aaa47-93d5-4a1f-8f50-b0e07e60ff91,494.835.258-17,459b64e6-be78-4777-8b0b-f3b14e61ef31,Instituição Financeira 02,NA,Crédito Pessoal Consignado,FINANCIAMENTOS_IMOBILIARIOS,2021-08-23,NA,1275936.74,BRL,2051-09-21,MENSAL,Periodicidade Mensal,2021-09-22,0.2666410639088843,SAC,NA,EFETIVA,SIMPLES,AA,21/252,PRE_FIXADO,TJLP,Informações adicionais,0.0676413667087743,NA,Informações adicionais,Excesso em Conta,EXCESSO_CONTA,UNICA,MINIMO,23.79,0.6723472512034607,JUROS_REMUNERATORIOS_POR_ATRASO,Informações adicionais sobre encargos.,0.14356228065372467
f679d13d-184d-4021-bd69-6e70ad964891,f679d13d-184d-4021-bd69-6e70ad964891,193.168.714-93,3fda1ef5-4b72-4557-bcbf-296780ba2c1f,Instituição Financeira 01,NA,Crédito Pessoal Consignado,FINANCIAMENTOS_RURAIS,2021-06-22,NA,778870.08,BRL,2041-07-20,MENSAL,Periodicidade Mensal,2021-07-21,0.9777009750628545,SAC,NA,EFETIVA,SIMPLES,AA,21/252,PRE_FIXADO,TJLP,Informações adicionais,0.7986705936626035,NA,Informações adicionais,Excesso em Conta,EXCESSO_CONTA,UNICA,MINIMO,8.74,0.16114675310158,JUROS_REMUNERATORIOS_POR_ATRASO,Informações adicionais sobre encargos.,0.860764012250206
f007de99-f096-47dd-ba1a-0d53db279507,f007de99-f096-47dd-ba1a-0d53db279507,022.049.496-38,f4851ca0-7163-4d71-97a7-df1e999c047f,Instituição Financeira 07,NA,Crédito Pessoal Consignado,FINANCIAMENTOS_IMOBILIARIOS,2021-10-20,NA,1121378.63,BRL,2051-11-18,MENSAL,Periodicidade Mensal,2021-11-19,0.24115422944666998,SAC,NA,EFETIVA,SIMPLES,AA,21/252,PRE_FIXADO,TJLP,Informações adicionais,0.45962118203738056,NA,Informações adicionais,Excesso em Conta,EXCESSO_CONTA,UNICA,MINIMO,4.98,0.8431976624945035,JUROS_REMUNERATORIOS_POR_ATRASO,Informações adicionais sobre encargos.,0.8836798964406207
1d90d2d2-e437-4716-a3b3-4f46d2c09542,1d90d2d2-e437-4716-a3b3-4f46d2c09542,320.459.828-21,d3d2b0d5-903a-4f9f-b793-c139490d5ca7,Instituição Financeira 09,NA,Crédito Pessoal Consignado,FINANCIAMENTOS,2021-09-17,NA,23289.15,BRL,2022-10-15,MENSAL,Periodicidade Mensal,2021-10-16,0.9171974248825485,SAC,NA,EFETIVA,SIMPLES,AA,21/252,PRE_FIXADO,TJLP,Informações adicionais,0.3936473134700922,NA,Informações adicionais,Excesso em Conta,EXCESSO_CONTA,UNICA,MINIMO,22.78,0.7804264553489026,JUROS_REMUNERATORIOS_POR_ATRASO,Informações adicionais sobre encargos.,0.5833877822346198
ead261ea-a607-490a-bad8-e501d012c5f8,ead261ea-a607-490a-bad8-e501d012c5f8,512.813.285-34,459b64e6-be78-4777-8b0b-f3b14e61ef31,Instituição Financeira 02,NA,Crédito Pessoal Consignado,FINANCIAMENTOS,2021-05-24,NA,25927.13,BRL,2023-06-22,MENSAL,Periodicidade Mensal,2021-06-23,0.5598801571859269,SAC,NA,EFETIVA,SIMPLES,AA,21/252,PRE_FIXADO,TJLP,Informações adicionais,0.6547702463830465,NA,Informações adicionais,Excesso em Conta,EXCESSO_CONTA,UNICA,MINIMO,72.78,0.0376097733100369,JUROS_REMUNERATORIOS_POR_ATRASO,Informações adicionais sobre encargos.,0.02876561365984376
2f050fd0-2e22-428e-a354-be997e01536d,2f050fd0-2e22-428e-a354-be997e01536d,695.981.003-16,e7fc1280-4dd3-4977-bc24-c08ffea8baf5,Instituição Financeira 06,NA,Crédito Pessoal Consignado,FINANCIAMENTOS_RURAIS,2021-06-24,NA,439969.91,BRL,2051-07-22,MENSAL,Periodicidade Mensal,2021-07-23,0.8945225121770404,SAC,NA,EFETIVA,SIMPLES,AA,21/252,PRE_FIXADO,TJLP,Informações adicionais,0.7006177339695534,NA,Informações adicionais,Excesso em Conta,EXCESSO_CONTA,UNICA,MINIMO,78.85,0.14917854789054075,JUROS_REMUNERATORIOS_POR_ATRASO,Informações adicionais sobre encargos.,0.933191419354374
5f7aa42f-b652-466b-aa0b-5595c1c5923b,5f7aa42f-b652-466b-aa0b-5595c1c5923b,322.144.455-96,459b64e6-be78-4777-8b0b-f3b14e61ef31,Instituição Financeira 02,NA,Crédito Pessoal Consignado,FINANCIAMENTOS,2021-02-27,NA,12469.84,BRL,2022-03-25,MENSAL,Periodicidade Mensal,2021-03-26,0.3152605914208553,SAC,NA,EFETIVA,SIMPLES,AA,21/252,PRE_FIXADO,TJLP,Informações adicionais,0.40911695409029347,NA,Informações adicionais,Excesso em Conta,EXCESSO_CONTA,UNICA,MINIMO,28.72,0.83281850545658,JUROS_REMUNERATORIOS_POR_ATRASO,Informações adicionais sobre encargos.,0.6244298281842076
bbaccb22-4aae-43a1-bb2d-ca2d02c3c71a,bbaccb22-4aae-43a1-bb2d-ca2d02c3c71a,260.963.183-50,3fda1ef5-4b72-4557-bcbf-296780ba2c1f,Instituição Financeira 01,NA,Crédito Pessoal Consignado,FINANCIAMENTOS_IMOBILIARIOS,2021-04-12,NA,1257878.91,BRL,2051-05-10,MENSAL,Periodicidade Mensal,2021-05-11,0.8116620638136847,SAC,NA,EFETIVA,SIMPLES,AA,21/252,PRE_FIXADO,TJLP,Informações adicionais,0.6459274329594684,NA,Informações adicionais,Excesso em Conta,EXCESSO_CONTA,UNICA,MINIMO,68.88,0.8585328837405759,JUROS_REMUNERATORIOS_POR_ATRASO,Informações adicionais sobre encargos.,0.45234167927535074
6f2bf301-8832-4a25-9a4e-3824a4ac1e61,6f2bf301-8832-4a25-9a4e-3824a4ac1e61,200.344.192-05,d3d2b0d5-903a-4f9f-b793-c139490d5ca7,Instituição Financeira 09,NA,Crédito Pessoal Consignado,FINANCIAMENTOS_RURAIS,2021-05-11,NA,449965,BRL,2041-06-09,MENSAL,Periodicidade Mensal,2021-06-10,0.1693966499085513,SAC,NA,EFETIVA,SIMPLES,AA,21/252,PRE_FIXADO,TJLP,Informações adicionais,0.2587795488867457,NA,Informações adicionais,Excesso em Conta,EXCESSO_CONTA,UNICA,MINIMO,24.79,0.9976255301672132,JUROS_REMUNERATORIOS_POR_ATRASO,Informações adicionais sobre encargos.,0.3790236282585058
dc8e9964-2580-4ebf-a120-ddfa4cb35c1e,dc8e9964-2580-4ebf-a120-ddfa4cb35c1e,504.680.731-42,a81729b5-ec71-4552-b4b1-26931c130154,Instituição Financeira 04,NA,Crédito Pessoal Consignado,FINANCIAMENTOS_RURAIS,2021-06-13,NA,984525.59,BRL,2041-07-11,MENSAL,Periodicidade Mensal,2021-07-12,0.47940451791787164,SAC,NA,EFETIVA,SIMPLES,AA,21/252,PRE_FIXADO,TJLP,Informações adicionais,0.6021373937606456,NA,Informações adicionais,Excesso em Conta,EXCESSO_CONTA,UNICA,MINIMO,47.06,0.3402160080796488,JUROS_REMUNERATORIOS_POR_ATRASO,Informações adicionais sobre encargos.,0.719325732505222
225a70e6-47a5-4536-9ac3-28c128f56354,225a70e6-47a5-4536-9ac3-28c128f56354,615.575.460-00,3fda1ef5-4b72-4557-bcbf-296780ba2c1f,Instituição Financeira 01,NA,Crédito Pessoal Consignado,FINANCIAMENTOS,2021-09-10,NA,22980.3,BRL,2024-10-08,MENSAL,Periodicidade Mensal,2021-10-09,0.05164749290831239,SAC,NA,EFETIVA,SIMPLES,AA,21/252,PRE_FIXADO,TJLP,Informações adicionais,0.5706865542801125,NA,Informações adicionais,Excesso em Conta,EXCESSO_CONTA,UNICA,MINIMO,97.94,0.2127922022760167,JUROS_REMUNERATORIOS_POR_ATRASO,Informações adicionais sobre encargos.,0.1941845404826943
b1a3c8a2-98f0-4e11-b9a3-40122366d539,b1a3c8a2-98f0-4e11-b9a3-40122366d539,645.257.083-32,d3d2b0d5-903a-4f9f-b793-c139490d5ca7,Instituição Financeira 09,NA,Crédito Pessoal Consignado,FINANCIAMENTOS,2021-07-12,NA,16311.14,BRL,2023-08-10,MENSAL,Periodicidade Mensal,2021-08-11,0.7182526926634172,SAC,NA,EFETIVA,SIMPLES,AA,21/252,PRE_FIXADO,TJLP,Informações adicionais,0.7710793226040784,NA,Informações adicionais,Excesso em Conta,EXCESSO_CONTA,UNICA,MINIMO,93.22,0.2934401482459781,JUROS_REMUNERATORIOS_POR_ATRASO,Informações adicionais sobre encargos.,0.36308264432894544
ade3f030-dcf3-45b2-949c-6ed2acfc4e30,ade3f030-dcf3-45b2-949c-6ed2acfc4e30,531.439.240-70,63d929c5-2a09-479e-806c-8cd073a029ab,Instituição Financeira 05,NA,Crédito Pessoal Consignado,FINANCIAMENTOS,2021-05-02,NA,30694.68,BRL,2023-05-31,MENSAL,Periodicidade Mensal,2021-06-01,0.35087063636548144,SAC,NA,EFETIVA,SIMPLES,AA,21/252,PRE_FIXADO,TJLP,Informações adicionais,0.5359940366893032,NA,Informações adicionais,Excesso em Conta,EXCESSO_CONTA,UNICA,MINIMO,12.9,0.5152419899121266,JUROS_REMUNERATORIOS_POR_ATRASO,Informações adicionais sobre encargos.,0.9325978102009591
c230371d-103d-4731-b698-626182d9dda2,c230371d-103d-4731-b698-626182d9dda2,398.690.343-40,3506654e-b794-4818-b2b1-12f2efb03d39,Instituição Financeira 08,NA,Crédito Pessoal Consignado,FINANCIAMENTOS_RURAIS,2021-10-21,NA,898427.18,BRL,2041-11-19,MENSAL,Periodicidade Mensal,2021-11-20,0.6467172929064657,SAC,NA,EFETIVA,SIMPLES,AA,21/252,PRE_FIXADO,TJLP,Informações adicionais,0.10520792873840001,NA,Informações adicionais,Excesso em Conta,EXCESSO_CONTA,UNICA,MINIMO,52.05,0.8382718900489547,JUROS_REMUNERATORIOS_POR_ATRASO,Informações adicionais sobre encargos.,0.476689476788293
d96136d0-f334-4ce2-ab8a-272c552c5189,d96136d0-f334-4ce2-ab8a-272c552c5189,305.302.331-52,63d929c5-2a09-479e-806c-8cd073a029ab,Instituição Financeira 05,NA,Crédito Pessoal Consignado,FINANCIAMENTOS_IMOBILIARIOS,2021-08-07,NA,1430116.48,BRL,2031-09-05,MENSAL,Periodicidade Mensal,2021-09-06,0.048198999787906205,SAC,NA,EFETIVA,SIMPLES,AA,21/252,PRE_FIXADO,TJLP,Informações adicionais,0.29844158655807274,NA,Informações adicionais,Excesso em Conta,EXCESSO_CONTA,UNICA,MINIMO,5,0.4370675281838541,JUROS_REMUNERATORIOS_POR_ATRASO,Informações adicionais sobre encargos.,0.6998116777264987
4efe4983-854a-4fe7-80e8-adb6bd0bfb40,4efe4983-854a-4fe7-80e8-adb6bd0bfb40,483.649.713-76,e7fc1280-4dd3-4977-bc24-c08ffea8baf5,Instituição Financeira 06,NA,Crédito Pessoal Consignado,FINANCIAMENTOS_RURAIS,2021-09-11,NA,742391.52,BRL,2031-10-09,MENSAL,Periodicidade Mensal,2021-10-10,0.21496898943324894,SAC,NA,EFETIVA,SIMPLES,AA,21/252,PRE_FIXADO,TJLP,Informações adicionais,0.16759699488749136,NA,Informações adicionais,Excesso em Conta,EXCESSO_CONTA,UNICA,MINIMO,48.1,0.08317128121253736,JUROS_REMUNERATORIOS_POR_ATRASO,Informações adicionais sobre encargos.,0.11425142815860223
ac5d65da-4b59-43ce-9a84-6f42a626c6ec,ac5d65da-4b59-43ce-9a84-6f42a626c6ec,237.466.821-45,f4851ca0-7163-4d71-97a7-df1e999c047f,Instituição Financeira 07,NA,Crédito Pessoal Consignado,FINANCIAMENTOS,2021-04-21,NA,19676.29,BRL,2022-05-19,MENSAL,Periodicidade Mensal,2021-05-20,0.2194324482116763,SAC,NA,EFETIVA,SIMPLES,AA,21/252,PRE_FIXADO,TJLP,Informações adicionais,0.3163927573960854,NA,Informações adicionais,Excesso em Conta,EXCESSO_CONTA,UNICA,MINIMO,66.28,0.13134906885910635,JUROS_REMUNERATORIOS_POR_ATRASO,Informações adicionais sobre encargos.,0.9894171302353556
e3e1613f-042d-4adc-954e-4cac9c3c5b11,e3e1613f-042d-4adc-954e-4cac9c3c5b11,823.529.661-63,f4851ca0-7163-4d71-97a7-df1e999c047f,Instituição Financeira 07,NA,Crédito Pessoal Consignado,FINANCIAMENTOS,2021-05-22,NA,39599.92,BRL,2023-06-20,MENSAL,Periodicidade Mensal,2021-06-21,0.5218426448380948,SAC,NA,EFETIVA,SIMPLES,AA,21/252,PRE_FIXADO,TJLP,Informações adicionais,0.9372726458644274,NA,Informações adicionais,Excesso em Conta,EXCESSO_CONTA,UNICA,MINIMO,2.97,0.017881742909834575,JUROS_REMUNERATORIOS_POR_ATRASO,Informações adicionais sobre encargos.,0.5474948350580664
d4dea7f8-143d-442a-a96c-48162c7601c9,d4dea7f8-143d-442a-a96c-48162c7601c9,360.426.723-31,ac2ab4c1-dc48-4958-b964-e46938817aaa,Instituição Financeira 10,NA,Crédito Pessoal Consignado,FINANCIAMENTOS,2021-07-30,NA,21933.76,BRL,2023-08-28,MENSAL,Periodicidade Mensal,2021-08-29,0.6633171480598163,SAC,NA,EFETIVA,SIMPLES,AA,21/252,PRE_FIXADO,TJLP,Informações adicionais,0.2756775728207448,NA,Informações adicionais,Excesso em Conta,EXCESSO_CONTA,UNICA,MINIMO,84.86,0.35005352265395717,JUROS_REMUNERATORIOS_POR_ATRASO,Informações adicionais sobre encargos.,0.3165292517664038
4dfbdb25-88a2-43f8-b084-024091fe2449,4dfbdb25-88a2-43f8-b084-024091fe2449,303.826.414-98,3fda1ef5-4b72-4557-bcbf-296780ba2c1f,Instituição Financeira 01,NA,Crédito Pessoal Consignado,FINANCIAMENTOS_RURAIS,2021-04-19,NA,917777.13,BRL,2051-05-17,MENSAL,Periodicidade Mensal,2021-05-18,0.9977450419268359,SAC,NA,EFETIVA,SIMPLES,AA,21/252,PRE_FIXADO,TJLP,Informações adicionais,0.9579904897518794,NA,Informações adicionais,Excesso em Conta,EXCESSO_CONTA,UNICA,MINIMO,13.93,0.02358291404000923,JUROS_REMUNERATORIOS_POR_ATRASO,Informações adicionais sobre encargos.,0.885230871800017
e5670a8d-7552-4364-a219-8bd9415150b2,e5670a8d-7552-4364-a219-8bd9415150b2,339.439.112-25,63d929c5-2a09-479e-806c-8cd073a029ab,Instituição Financeira 05,NA,Crédito Pessoal Consignado,FINANCIAMENTOS,2021-04-16,NA,20135.16,BRL,2024-05-14,MENSAL,Periodicidade Mensal,2021-05-15,0.5285164517330498,SAC,NA,EFETIVA,SIMPLES,AA,21/252,PRE_FIXADO,TJLP,Informações adicionais,0.2985333512005046,NA,Informações adicionais,Excesso em Conta,EXCESSO_CONTA,UNICA,MINIMO,86.03,0.7358554806220141,JUROS_REMUNERATORIOS_POR_ATRASO,Informações adicionais sobre encargos.,0.7196035234782423
abd06fbc-8be3-4532-800e-2b1606c52332,abd06fbc-8be3-4532-800e-2b1606c52332,755.207.023-24,ac2ab4c1-dc48-4958-b964-e46938817aaa,Instituição Financeira 10,NA,Crédito Pessoal Consignado,FINANCIAMENTOS,2021-02-14,NA,34593.42,BRL,2022-03-12,MENSAL,Periodicidade Mensal,2021-03-13,0.8880651877213812,SAC,NA,EFETIVA,SIMPLES,AA,21/252,PRE_FIXADO,TJLP,Informações adicionais,0.8898248058360267,NA,Informações adicionais,Excesso em Conta,EXCESSO_CONTA,UNICA,MINIMO,90.92,0.04185187907836996,JUROS_REMUNERATORIOS_POR_ATRASO,Informações adicionais sobre encargos.,0.919412498071529
aed0e48c-3c66-437a-83e7-fe901b858cd7,aed0e48c-3c66-437a-83e7-fe901b858cd7,831.933.600-63,ac2ab4c1-dc48-4958-b964-e46938817aaa,Instituição Financeira 10,NA,Crédito Pessoal Consignado,FINANCIAMENTOS_RURAIS,2021-10-21,NA,806958.2,BRL,2051-11-19,MENSAL,Periodicidade Mensal,2021-11-20,0.29629698120490744,SAC,NA,EFETIVA,SIMPLES,AA,21/252,PRE_FIXADO,TJLP,Informações adicionais,0.1496019068007819,NA,Informações adicionais,Excesso em Conta,EXCESSO_CONTA,UNICA,MINIMO,30.51,0.19114343586345517,JUROS_REMUNERATORIOS_POR_ATRASO,Informações adicionais sobre encargos.,0.262658625611343
6c838285-4319-411e-bae3-3a9748a41072,6c838285-4319-411e-bae3-3a9748a41072,179.214.757-55,459b64e6-be78-4777-8b0b-f3b14e61ef31,Instituição Financeira 02,NA,Crédito Pessoal Consignado,FINANCIAMENTOS_IMOBILIARIOS,2021-10-13,NA,547115.92,BRL,2031-11-11,MENSAL,Periodicidade Mensal,2021-11-12,0.008713305012338912,SAC,NA,EFETIVA,SIMPLES,AA,21/252,PRE_FIXADO,TJLP,Informações adicionais,0.7317303213854836,NA,Informações adicionais,Excesso em Conta,EXCESSO_CONTA,UNICA,MINIMO,4.81,0.057329980713809015,JUROS_REMUNERATORIOS_POR_ATRASO,Informações adicionais sobre encargos.,0.33542040855430666
18e7223b-1fcc-48e8-8de1-0de5c72b5a50,18e7223b-1fcc-48e8-8de1-0de5c72b5a50,478.312.875-14,d3d2b0d5-903a-4f9f-b793-c139490d5ca7,Instituição Financeira 09,NA,Crédito Pessoal Consignado,FINANCIAMENTOS,2021-04-16,NA,18810.72,BRL,2022-05-14,MENSAL,Periodicidade Mensal,2021-05-15,0.6079693265558739,SAC,NA,EFETIVA,SIMPLES,AA,21/252,PRE_FIXADO,TJLP,Informações adicionais,0.14885165798900424,NA,Informações adicionais,Excesso em Conta,EXCESSO_CONTA,UNICA,MINIMO,39.41,0.432629367120265,JUROS_REMUNERATORIOS_POR_ATRASO,Informações adicionais sobre encargos.,0.12084258510281454
fb0d6417-d45f-4fc3-86df-de92874ce860,fb0d6417-d45f-4fc3-86df-de92874ce860,180.590.513-65,d3d2b0d5-903a-4f9f-b793-c139490d5ca7,Instituição Financeira 09,NA,Crédito Pessoal Consignado,FINANCIAMENTOS_IMOBILIARIOS,2021-11-25,NA,736406.45,BRL,2051-12-23,MENSAL,Periodicidade Mensal,2021-12-24,0.3864415014308047,SAC,NA,EFETIVA,SIMPLES,AA,21/252,PRE_FIXADO,TJLP,Informações adicionais,0.6664151040704276,NA,Informações adicionais,Excesso em Conta,EXCESSO_CONTA,UNICA,MINIMO,29.13,0.3467250740629688,JUROS_REMUNERATORIOS_POR_ATRASO,Informações adicionais sobre encargos.,0.3564221017348983
f23e763a-e64b-4d21-8028-e7b705a2eb54,f23e763a-e64b-4d21-8028-e7b705a2eb54,361.153.973-60,63d929c5-2a09-479e-806c-8cd073a029ab,Instituição Financeira 05,NA,Crédito Pessoal Consignado,FINANCIAMENTOS_IMOBILIARIOS,2021-04-16,NA,954051.12,BRL,2031-05-14,MENSAL,Periodicidade Mensal,2021-05-15,0.3186648605243081,SAC,NA,EFETIVA,SIMPLES,AA,21/252,PRE_FIXADO,TJLP,Informações adicionais,0.2843132752655726,NA,Informações adicionais,Excesso em Conta,EXCESSO_CONTA,UNICA,MINIMO,19.5,0.8636151226240516,JUROS_REMUNERATORIOS_POR_ATRASO,Informações adicionais sobre encargos.,0.2493833066531992
042d6206-3696-4729-927b-47c89f6a1d1c,042d6206-3696-4729-927b-47c89f6a1d1c,527.265.611-76,f4851ca0-7163-4d71-97a7-df1e999c047f,Instituição Financeira 07,NA,Crédito Pessoal Consignado,FINANCIAMENTOS_RURAIS,2021-09-20,NA,992836.05,BRL,2041-10-18,MENSAL,Periodicidade Mensal,2021-10-19,0.8504519099481096,SAC,NA,EFETIVA,SIMPLES,AA,21/252,PRE_FIXADO,TJLP,Informações adicionais,0.04628232924376707,NA,Informações adicionais,Excesso em Conta,EXCESSO_CONTA,UNICA,MINIMO,60.67,0.6503451130892508,JUROS_REMUNERATORIOS_POR_ATRASO,Informações adicionais sobre encargos.,0.11621309907636723
f7a5cd68-9d58-4eb8-a75e-2750555c49c5,f7a5cd68-9d58-4eb8-a75e-2750555c49c5,888.939.067-50,f4851ca0-7163-4d71-97a7-df1e999c047f,Instituição Financeira 07,NA,Crédito Pessoal Consignado,FINANCIAMENTOS,2021-10-17,NA,27092.08,BRL,2023-11-15,MENSAL,Periodicidade Mensal,2021-11-16,0.7404382104792819,SAC,NA,EFETIVA,SIMPLES,AA,21/252,PRE_FIXADO,TJLP,Informações adicionais,0.16520584974313746,NA,Informações adicionais,Excesso em Conta,EXCESSO_CONTA,UNICA,MINIMO,64.49,0.07428569975167276,JUROS_REMUNERATORIOS_POR_ATRASO,Informações adicionais sobre encargos.,0.519558095467862
804e0a3e-d818-45c9-9856-2fcac478b48c,804e0a3e-d818-45c9-9856-2fcac478b48c,351.189.116-10,459b64e6-be78-4777-8b0b-f3b14e61ef31,Instituição Financeira 02,NA,Crédito Pessoal Consignado,FINANCIAMENTOS_RURAIS,2021-07-21,NA,872063.47,BRL,2051-08-19,MENSAL,Periodicidade Mensal,2021-08-20,0.027547720980729995,SAC,NA,EFETIVA,SIMPLES,AA,21/252,PRE_FIXADO,TJLP,Informações adicionais,0.7135940925115469,NA,Informações adicionais,Excesso em Conta,EXCESSO_CONTA,UNICA,MINIMO,16.09,0.6693058288652176,JUROS_REMUNERATORIOS_POR_ATRASO,Informações adicionais sobre encargos.,0.33284566988832087
5dee201c-968c-41b1-8eb7-e564a10886dd,5dee201c-968c-41b1-8eb7-e564a10886dd,677.081.894-41,3fda1ef5-4b72-4557-bcbf-296780ba2c1f,Instituição Financeira 01,NA,Crédito Pessoal Consignado,FINANCIAMENTOS_IMOBILIARIOS,2021-10-04,NA,737747.09,BRL,2051-11-02,MENSAL,Periodicidade Mensal,2021-11-03,0.7157614600896185,SAC,NA,EFETIVA,SIMPLES,AA,21/252,PRE_FIXADO,TJLP,Informações adicionais,0.5630619790539775,NA,Informações adicionais,Excesso em Conta,EXCESSO_CONTA,UNICA,MINIMO,6.24,0.8986223319768669,JUROS_REMUNERATORIOS_POR_ATRASO,Informações adicionais sobre encargos.,0.4334372903480266
c20234b8-cb2e-463f-8e36-30812f856f89,c20234b8-cb2e-463f-8e36-30812f856f89,944.604.350-73,63d929c5-2a09-479e-806c-8cd073a029ab,Instituição Financeira 05,NA,Crédito Pessoal Consignado,FINANCIAMENTOS_RURAIS,2021-06-12,NA,580977.69,BRL,2051-07-10,MENSAL,Periodicidade Mensal,2021-07-11,0.172371359370455,SAC,NA,EFETIVA,SIMPLES,AA,21/252,PRE_FIXADO,TJLP,Informações adicionais,0.016398585818672817,NA,Informações adicionais,Excesso em Conta,EXCESSO_CONTA,UNICA,MINIMO,81.04,0.9558995060993174,JUROS_REMUNERATORIOS_POR_ATRASO,Informações adicionais sobre encargos.,0.47761896255032465
aa958d76-04a1-4b0f-b052-3cae11c8502c,aa958d76-04a1-4b0f-b052-3cae11c8502c,327.202.078-60,3506654e-b794-4818-b2b1-12f2efb03d39,Instituição Financeira 08,NA,Crédito Pessoal Consignado,FINANCIAMENTOS,2021-07-02,NA,22375.92,BRL,2023-07-31,MENSAL,Periodicidade Mensal,2021-08-01,0.6190574215271958,SAC,NA,EFETIVA,SIMPLES,AA,21/252,PRE_FIXADO,TJLP,Informações adicionais,0.21852942139678566,NA,Informações adicionais,Excesso em Conta,EXCESSO_CONTA,UNICA,MINIMO,69.19,0.40746413912119794,JUROS_REMUNERATORIOS_POR_ATRASO,Informações adicionais sobre encargos.,0.10930809559527055
dc0e80f1-654b-4840-8386-fb2b57c3472e,dc0e80f1-654b-4840-8386-fb2b57c3472e,694.100.078-30,63d929c5-2a09-479e-806c-8cd073a029ab,Instituição Financeira 05,NA,Crédito Pessoal Consignado,FINANCIAMENTOS,2021-08-16,NA,32658.6,BRL,2024-09-14,MENSAL,Periodicidade Mensal,2021-09-15,0.6254347055617164,SAC,NA,EFETIVA,SIMPLES,AA,21/252,PRE_FIXADO,TJLP,Informações adicionais,0.18031621508475038,NA,Informações adicionais,Excesso em Conta,EXCESSO_CONTA,UNICA,MINIMO,59.53,0.052817667345165464,JUROS_REMUNERATORIOS_POR_ATRASO,Informações adicionais sobre encargos.,0.6205799598327546
73325515-257f-4d96-ad23-da9e28d8730d,73325515-257f-4d96-ad23-da9e28d8730d,238.919.397-23,3fda1ef5-4b72-4557-bcbf-296780ba2c1f,Instituição Financeira 01,NA,Crédito Pessoal Consignado,FINANCIAMENTOS,2021-05-08,NA,42582.26,BRL,2024-06-06,MENSAL,Periodicidade Mensal,2021-06-07,0.9315539168032827,SAC,NA,EFETIVA,SIMPLES,AA,21/252,PRE_FIXADO,TJLP,Informações adicionais,0.7429042373101236,NA,Informações adicionais,Excesso em Conta,EXCESSO_CONTA,UNICA,MINIMO,57.36,0.7342644427343261,JUROS_REMUNERATORIOS_POR_ATRASO,Informações adicionais sobre encargos.,0.24423254501847458
c7a3a821-3173-4e73-9b78-de6f27d47db2,c7a3a821-3173-4e73-9b78-de6f27d47db2,230.995.142-48,e7fc1280-4dd3-4977-bc24-c08ffea8baf5,Instituição Financeira 06,NA,Crédito Pessoal Consignado,FINANCIAMENTOS_IMOBILIARIOS,2021-02-03,NA,1528056.63,BRL,2041-03-01,MENSAL,Periodicidade Mensal,2021-03-02,0.26127403374530456,SAC,NA,EFETIVA,SIMPLES,AA,21/252,PRE_FIXADO,TJLP,Informações adicionais,0.729465953402411,NA,Informações adicionais,Excesso em Conta,EXCESSO_CONTA,UNICA,MINIMO,82,0.18531230312387104,JUROS_REMUNERATORIOS_POR_ATRASO,Informações adicionais sobre encargos.,0.5403831546788298
adfcf35e-bcc5-4320-9932-4be65b1492a7,adfcf35e-bcc5-4320-9932-4be65b1492a7,223.124.654-34,63d929c5-2a09-479e-806c-8cd073a029ab,Instituição Financeira 05,NA,Crédito Pessoal Consignado,FINANCIAMENTOS,2021-05-02,NA,36902.99,BRL,2024-05-31,MENSAL,Periodicidade Mensal,2021-06-01,0.3677662818391163,SAC,NA,EFETIVA,SIMPLES,AA,21/252,PRE_FIXADO,TJLP,Informações adicionais,0.6763814555578833,NA,Informações adicionais,Excesso em Conta,EXCESSO_CONTA,UNICA,MINIMO,96.81,0.6328007145794341,JUROS_REMUNERATORIOS_POR_ATRASO,Informações adicionais sobre encargos.,0.4454976811059024
a54ba300-40ce-4a44-b5ef-2d78a764b3cd,a54ba300-40ce-4a44-b5ef-2d78a764b3cd,148.277.317-99,f4851ca0-7163-4d71-97a7-df1e999c047f,Instituição Financeira 07,NA,Crédito Pessoal Consignado,FINANCIAMENTOS_IMOBILIARIOS,2021-10-24,NA,1703996.58,BRL,2031-11-22,MENSAL,Periodicidade Mensal,2021-11-23,0.38500827061537946,SAC,NA,EFETIVA,SIMPLES,AA,21/252,PRE_FIXADO,TJLP,Informações adicionais,0.655759699546048,NA,Informações adicionais,Excesso em Conta,EXCESSO_CONTA,UNICA,MINIMO,35.75,0.7490511247859406,JUROS_REMUNERATORIOS_POR_ATRASO,Informações adicionais sobre encargos.,0.9158635196939755
e2a766a9-6eb4-445b-81f4-a733805c5185,e2a766a9-6eb4-445b-81f4-a733805c5185,995.304.934-57,ac2ab4c1-dc48-4958-b964-e46938817aaa,Instituição Financeira 10,NA,Crédito Pessoal Consignado,FINANCIAMENTOS_IMOBILIARIOS,2021-04-26,NA,1895337.55,BRL,2051-05-24,MENSAL,Periodicidade Mensal,2021-05-25,0.775803596033128,SAC,NA,EFETIVA,SIMPLES,AA,21/252,PRE_FIXADO,TJLP,Informações adicionais,0.45263986804655176,NA,Informações adicionais,Excesso em Conta,EXCESSO_CONTA,UNICA,MINIMO,81.99,0.8266360094129475,JUROS_REMUNERATORIOS_POR_ATRASO,Informações adicionais sobre encargos.,0.8898155545564823
2e403661-0efc-46d6-8b1d-c7efa2492d49,2e403661-0efc-46d6-8b1d-c7efa2492d49,894.166.285-10,e7fc1280-4dd3-4977-bc24-c08ffea8baf5,Instituição Financeira 06,NA,Crédito Pessoal Consignado,FINANCIAMENTOS_RURAIS,2021-10-26,NA,273261.28,BRL,2031-11-24,MENSAL,Periodicidade Mensal,2021-11-25,0.3221165386803879,SAC,NA,EFETIVA,SIMPLES,AA,21/252,PRE_FIXADO,TJLP,Informações adicionais,0.6116483326829929,NA,Informações adicionais,Excesso em Conta,EXCESSO_CONTA,UNICA,MINIMO,43.63,0.951637149419797,JUROS_REMUNERATORIOS_POR_ATRASO,Informações adicionais sobre encargos.,0.03062648813419311
893cf3d1-0e4b-416c-bebb-80df3a4869e6,893cf3d1-0e4b-416c-bebb-80df3a4869e6,776.518.722-32,63d929c5-2a09-479e-806c-8cd073a029ab,Instituição Financeira 05,NA,Crédito Pessoal Consignado,FINANCIAMENTOS_IMOBILIARIOS,2021-04-02,NA,1400767.51,BRL,2051-04-30,MENSAL,Periodicidade Mensal,2021-05-01,0.13254409785203403,SAC,NA,EFETIVA,SIMPLES,AA,21/252,PRE_FIXADO,TJLP,Informações adicionais,0.6079063047391007,NA,Informações adicionais,Excesso em Conta,EXCESSO_CONTA,UNICA,MINIMO,60.6,0.6792728511577237,JUROS_REMUNERATORIOS_POR_ATRASO,Informações adicionais sobre encargos.,0.6093649473128804
b46f49c0-a765-426b-ac8c-88b810ef817f,b46f49c0-a765-426b-ac8c-88b810ef817f,502.762.171-76,459b64e6-be78-4777-8b0b-f3b14e61ef31,Instituição Financeira 02,NA,Crédito Pessoal Consignado,FINANCIAMENTOS,2021-07-30,NA,11348.05,BRL,2023-08-28,MENSAL,Periodicidade Mensal,2021-08-29,0.9953375620888505,SAC,NA,EFETIVA,SIMPLES,AA,21/252,PRE_FIXADO,TJLP,Informações adicionais,0.9641911932287983,NA,Informações adicionais,Excesso em Conta,EXCESSO_CONTA,UNICA,MINIMO,94.19,0.24365248917072257,JUROS_REMUNERATORIOS_POR_ATRASO,Informações adicionais sobre encargos.,0.548793347030399
c1e770d6-8111-4459-9a8b-5807096b81f1,c1e770d6-8111-4459-9a8b-5807096b81f1,315.132.677-23,459b64e6-be78-4777-8b0b-f3b14e61ef31,Instituição Financeira 02,NA,Crédito Pessoal Consignado,FINANCIAMENTOS_RURAIS,2021-01-23,NA,541288.13,BRL,2051-02-21,MENSAL,Periodicidade Mensal,2021-02-22,0.05005963264108626,SAC,NA,EFETIVA,SIMPLES,AA,21/252,PRE_FIXADO,TJLP,Informações adicionais,0.9375645253331424,NA,Informações adicionais,Excesso em Conta,EXCESSO_CONTA,UNICA,MINIMO,64.05,0.40319242525787,JUROS_REMUNERATORIOS_POR_ATRASO,Informações adicionais sobre encargos.,0.4611792202171876
62dc8c2d-5362-491e-97b4-2feb5cabe214,62dc8c2d-5362-491e-97b4-2feb5cabe214,818.277.824-47,f4851ca0-7163-4d71-97a7-df1e999c047f,Instituição Financeira 07,NA,Crédito Pessoal Consignado,FINANCIAMENTOS_IMOBILIARIOS,2021-07-07,NA,585297.12,BRL,2051-08-05,MENSAL,Periodicidade Mensal,2021-08-06,0.9805564127949375,SAC,NA,EFETIVA,SIMPLES,AA,21/252,PRE_FIXADO,TJLP,Informações adicionais,0.42915554359184926,NA,Informações adicionais,Excesso em Conta,EXCESSO_CONTA,UNICA,MINIMO,49.45,0.00805927184609967,JUROS_REMUNERATORIOS_POR_ATRASO,Informações adicionais sobre encargos.,0.8551110800845199
55a0798b-fc6a-4ba7-99f8-21b7b53904a4,55a0798b-fc6a-4ba7-99f8-21b7b53904a4,795.630.184-26,e7fc1280-4dd3-4977-bc24-c08ffea8baf5,Instituição Financeira 06,NA,Crédito Pessoal Consignado,FINANCIAMENTOS_IMOBILIARIOS,2021-05-10,NA,706225.87,BRL,2051-06-08,MENSAL,Periodicidade Mensal,2021-06-09,0.6287642315247564,SAC,NA,EFETIVA,SIMPLES,AA,21/252,PRE_FIXADO,TJLP,Informações adicionais,0.09781133260771102,NA,Informações adicionais,Excesso em Conta,EXCESSO_CONTA,UNICA,MINIMO,37.52,0.4602978465490384,JUROS_REMUNERATORIOS_POR_ATRASO,Informações adicionais sobre encargos.,0.9281756608879868
3d2a39f9-2ab7-486b-b589-af13aa920547,3d2a39f9-2ab7-486b-b589-af13aa920547,958.191.924-22,63d929c5-2a09-479e-806c-8cd073a029ab,Instituição Financeira 05,NA,Crédito Pessoal Consignado,FINANCIAMENTOS,2021-01-03,NA,33777.82,BRL,2024-02-01,MENSAL,Periodicidade Mensal,2021-02-02,0.7501690205073299,SAC,NA,EFETIVA,SIMPLES,AA,21/252,PRE_FIXADO,TJLP,Informações adicionais,0.12206277609328198,NA,Informações adicionais,Excesso em Conta,EXCESSO_CONTA,UNICA,MINIMO,80.08,0.2203597928564105,JUROS_REMUNERATORIOS_POR_ATRASO,Informações adicionais sobre encargos.,0.7288591035119727
648ad586-1413-4398-8d6a-b43abe2102bf,648ad586-1413-4398-8d6a-b43abe2102bf,545.301.573-55,3fda1ef5-4b72-4557-bcbf-296780ba2c1f,Instituição Financeira 01,NA,Crédito Pessoal Consignado,FINANCIAMENTOS_RURAIS,2021-08-09,NA,448452.31,BRL,2031-09-07,MENSAL,Periodicidade Mensal,2021-09-08,0.9601949482763659,SAC,NA,EFETIVA,SIMPLES,AA,21/252,PRE_FIXADO,TJLP,Informações adicionais,0.5572667419777957,NA,Informações adicionais,Excesso em Conta,EXCESSO_CONTA,UNICA,MINIMO,33.21,0.2962829574203871,JUROS_REMUNERATORIOS_POR_ATRASO,Informações adicionais sobre encargos.,0.008170736262123501
0ea5e037-2b49-4d8c-940f-69d1396562a7,0ea5e037-2b49-4d8c-940f-69d1396562a7,648.262.271-95,459b64e6-be78-4777-8b0b-f3b14e61ef31,Instituição Financeira 02,NA,Crédito Pessoal Consignado,FINANCIAMENTOS_RURAIS,2021-10-24,NA,937329.62,BRL,2051-11-22,MENSAL,Periodicidade Mensal,2021-11-23,0.975510698457795,SAC,NA,EFETIVA,SIMPLES,AA,21/252,PRE_FIXADO,TJLP,Informações adicionais,0.3130260030794525,NA,Informações adicionais,Excesso em Conta,EXCESSO_CONTA,UNICA,MINIMO,22.63,0.6099846344295083,JUROS_REMUNERATORIOS_POR_ATRASO,Informações adicionais sobre encargos.,0.45079157906544287
e77d8f25-1d51-4a47-b6c6-eb0b40fcd99a,e77d8f25-1d51-4a47-b6c6-eb0b40fcd99a,607.812.792-62,e7fc1280-4dd3-4977-bc24-c08ffea8baf5,Instituição Financeira 06,NA,Crédito Pessoal Consignado,FINANCIAMENTOS,2021-04-07,NA,33943.11,BRL,2024-05-05,MENSAL,Periodicidade Mensal,2021-05-06,0.46642554691529625,SAC,NA,EFETIVA,SIMPLES,AA,21/252,PRE_FIXADO,TJLP,Informações adicionais,0.7858929051883559,NA,Informações adicionais,Excesso em Conta,EXCESSO_CONTA,UNICA,MINIMO,55.26,0.10311905993899928,JUROS_REMUNERATORIOS_POR_ATRASO,Informações adicionais sobre encargos.,0.019255348877584844
fdbb4621-4e24-4494-8d81-45fe50007eb9,fdbb4621-4e24-4494-8d81-45fe50007eb9,147.591.832-30,d3d2b0d5-903a-4f9f-b793-c139490d5ca7,Instituição Financeira 09,NA,Crédito Pessoal Consignado,FINANCIAMENTOS_RURAIS,2021-06-05,NA,340219.91,BRL,2031-07-03,MENSAL,Periodicidade Mensal,2021-07-04,0.17421108377912886,SAC,NA,EFETIVA,SIMPLES,AA,21/252,PRE_FIXADO,TJLP,Informações adicionais,0.7045945811347563,NA,Informações adicionais,Excesso em Conta,EXCESSO_CONTA,UNICA,MINIMO,40.02,0.8877549412584977,JUROS_REMUNERATORIOS_POR_ATRASO,Informações adicionais sobre encargos.,0.0655132045170983
