contractId,contractNumber,customerId,organizationId,organizationName,ipocCode,productName,productType,productSubType,contractDate,settlementDate,contractAmount,currency,dueDate,instalmentPeriodicity,instalmentPeriodicityAdditionalInfo,firstInstalmentDueDate,CET,amortizationScheduled,amortizationScheduledAdditionalInfo,cnpjConsignee,interestRates/0/taxType,interestRates/0/interestRateType,interestRates/0/taxPeriodicity,interestRates/0/calculation,interestRates/0/referentialRateIndexerType,interestRates/0/preFixedRate,interestRates/0/postFixedRate,interestRates/0/additionalInfo,contractedFees/0/feeName,contractedFees/0/feeCode,contractedFees/0/feeChargeType,contractedFees/0/feeCharge,contractedFees/0/feeAmount,contractedFees/0/feeRate,contractedFinanceCharges/0/chargeType,contractedFinanceCharges/0/chargeAdditionalInfo,contractedFinanceCharges/0/chargeRate
99aaa225-8bb9-4384-bda3-07af9daa390b,99aaa225-8bb9-4384-bda3-07af9daa390b,362.529.240-03,63d929c5-2a09-479e-806c-8cd073a029ab,Instituição Financeira 05,NA,Crédito Pessoal Consignado,EMPRESTIMOS,CREDITO_PESSOAL_COM_CONSIGNACAO,2021-10-10,NA,31753,BRL,2026-05-08,MENSAL,Periodicidade Mensal,2021-11-09,0.0972087094715306,SAC,NA,00.017.498/7700-72,EFETIVA,SIMPLES,AA,21/252,PRE_FIXADO,0.5967899612696215,NA,Informações adicionais,Renovação de cadastro,CADASTRO,UNICA,MINIMO,18.43,0.8538884442740442,JUROS_REMUNERATORIOS_POR_ATRASO,Informações adicionais sobre encargos.,0.41869707249099464
2bdc8dc9-7700-4795-93e5-ca92b494928e,2bdc8dc9-7700-4795-93e5-ca92b494928e,793.879.991-03,d3d2b0d5-903a-4f9f-b793-c139490d5ca7,Instituição Financeira 09,NA,Crédito Pessoal Consignado,EMPRESTIMOS,CREDITO_PESSOAL_COM_CONSIGNACAO,2021-10-02,NA,49194.5,BRL,2026-03-03,MENSAL,Periodicidade Mensal,2021-11-01,0.4410740769172665,SAC,NA,00.009.921/6370-51,EFETIVA,SIMPLES,AA,21/252,PRE_FIXADO,0.909198687853908,NA,Informações adicionais,Renovação de cadastro,CADASTRO,UNICA,MINIMO,23.13,0.06490466063835454,JUROS_REMUNERATORIOS_POR_ATRASO,Informações adicionais sobre encargos.,0.601602637976153
5abd62d5-9d11-4bb1-a4bd-8fb4fd8ecf17,5abd62d5-9d11-4bb1-a4bd-8fb4fd8ecf17,927.518.283-33,69665991-da55-4aac-a1f2-32d23daba8fe,Instituição Financeira 03,NA,Crédito Pessoal Consignado,EMPRESTIMOS,CREDITO_PESSOAL_COM_CONSIGNACAO,2021-04-03,NA,48319.03,BRL,2022-10-01,MENSAL,Periodicidade Mensal,2021-05-02,0.7087214398318771,SAC,NA,00.047.912/7906-49,EFETIVA,SIMPLES,AA,21/252,PRE_FIXADO,0.8303254343394921,NA,Informações adicionais,Renovação de cadastro,CADASTRO,UNICA,MINIMO,35.3,0.3488714496640237,JUROS_REMUNERATORIOS_POR_ATRASO,Informações adicionais sobre encargos.,0.030178907447245384
641e2562-2a55-4ade-9190-938022eeb667,641e2562-2a55-4ade-9190-938022eeb667,181.742.477-09,f4851ca0-7163-4d71-97a7-df1e999c047f,Instituição Financeira 07,NA,Crédito Pessoal Consignado,EMPRESTIMOS,CREDITO_PESSOAL_COM_CONSIGNACAO,2021-10-23,NA,32553.37,BRL,2023-11-21,MENSAL,Periodicidade Mensal,2021-11-22,0.6086847429293771,SAC,NA,00.026.814/6240-28,EFETIVA,SIMPLES,AA,21/252,PRE_FIXADO,0.3162233063225688,NA,Informações adicionais,Renovação de cadastro,CADASTRO,UNICA,MINIMO,60.48,0.4072055374834198,JUROS_REMUNERATORIOS_POR_ATRASO,Informações adicionais sobre encargos.,0.09949444633557536
880288d8-12e0-4a65-baec-a219b871d92f,880288d8-12e0-4a65-baec-a219b871d92f,233.845.513-06,63d929c5-2a09-479e-806c-8cd073a029ab,Instituição Financeira 05,NA,Crédito Pessoal Consignado,EMPRESTIMOS,CREDITO_PESSOAL_COM_CONSIGNACAO,2021-08-25,NA,13875.3,BRL,2023-09-23,MENSAL,Periodicidade Mensal,2021-09-24,0.3922667112805971,SAC,NA,00.017.498/7700-72,EFETIVA,SIMPLES,AA,21/252,PRE_FIXADO,0.9136125544398999,NA,Informações adicionais,Renovação de cadastro,CADASTRO,UNICA,MINIMO,90.62,0.05325472518304375,JUROS_REMUNERATORIOS_POR_ATRASO,Informações adicionais sobre encargos.,0.9071295272319153
43fd5e3a-e016-4c96-8df2-52e78b2363e9,43fd5e3a-e016-4c96-8df2-52e78b2363e9,199.647.034-21,3fda1ef5-4b72-4557-bcbf-296780ba2c1f,Instituição Financeira 01,NA,Crédito Pessoal Consignado,EMPRESTIMOS,CREDITO_PESSOAL_COM_CONSIGNACAO,2021-10-03,NA,12738.8,BRL,2022-11-01,MENSAL,Periodicidade Mensal,2021-11-02,0.4701119043564097,SAC,NA,00.063.281/5749-36,EFETIVA,SIMPLES,AA,21/252,PRE_FIXADO,0.18261686311199665,NA,Informações adicionais,Renovação de cadastro,CADASTRO,UNICA,MINIMO,37.96,0.6103694352449178,JUROS_REMUNERATORIOS_POR_ATRASO,Informações adicionais sobre encargos.,0.8711444273678539
9e2bafb1-5bed-449d-8325-613f1a202760,9e2bafb1-5bed-449d-8325-613f1a202760,506.244.470-74,3fda1ef5-4b72-4557-bcbf-296780ba2c1f,Instituição Financeira 01,NA,Crédito Pessoal Consignado,EMPRESTIMOS,CREDITO_PESSOAL_COM_CONSIGNACAO,2021-07-10,NA,18860.19,BRL,2023-09-08,MENSAL,Periodicidade Mensal,2021-08-09,0.3598550756698544,SAC,NA,00.063.281/5749-36,EFETIVA,SIMPLES,AA,21/252,PRE_FIXADO,0.38657021818934667,NA,Informações adicionais,Renovação de cadastro,CADASTRO,UNICA,MINIMO,32.79,0.010826372558545572,JUROS_REMUNERATORIOS_POR_ATRASO,Informações adicionais sobre encargos.,0.6948262309291877
6b10e5ea-e879-4887-88d4-faee68ad7414,6b10e5ea-e879-4887-88d4-faee68ad7414,759.458.206-07,459b64e6-be78-4777-8b0b-f3b14e61ef31,Instituição Financeira 02,NA,Crédito Pessoal Consignado,EMPRESTIMOS,CREDITO_PESSOAL_COM_CONSIGNACAO,2021-09-04,NA,41641.28,BRL,2023-11-02,MENSAL,Periodicidade Mensal,2021-10-03,0.5720407104899963,SAC,NA,00.055.102/2980-34,EFETIVA,SIMPLES,AA,21/252,PRE_FIXADO,0.8483757385390405,NA,Informações adicionais,Renovação de cadastro,CADASTRO,UNICA,MINIMO,67.73,0.11554949365558476,JUROS_REMUNERATORIOS_POR_ATRASO,Informações adicionais sobre encargos.,0.8999703337390854
a9c220c6-0e66-4996-9df9-14464c949da2,a9c220c6-0e66-4996-9df9-14464c949da2,781.636.757-89,a81729b5-ec71-4552-b4b1-26931c130154,Instituição Financeira 04,NA,Crédito Pessoal Consignado,EMPRESTIMOS,CREDITO_PESSOAL_COM_CONSIGNACAO,2021-08-07,NA,34434.74,BRL,2024-08-05,MENSAL,Periodicidade Mensal,2021-09-06,0.8086026198901142,SAC,NA,00.087.205/9506-29,EFETIVA,SIMPLES,AA,21/252,PRE_FIXADO,0.8182666907536338,NA,Informações adicionais,Renovação de cadastro,CADASTRO,UNICA,MINIMO,71.66,0.20281402215805988,JUROS_REMUNERATORIOS_POR_ATRASO,Informações adicionais sobre encargos.,0.10392244150047514
aea01b93-c9c4-4312-9fef-3137078c4f38,aea01b93-c9c4-4312-9fef-3137078c4f38,205.754.599-73,69665991-da55-4aac-a1f2-32d23daba8fe,Instituição Financeira 03,NA,Crédito Pessoal Consignado,EMPRESTIMOS,CREDITO_PESSOAL_COM_CONSIGNACAO,2021-02-02,NA,28566.51,BRL,2024-02-28,MENSAL,Periodicidade Mensal,2021-03-01,0.44114101906625747,SAC,NA,00.047.912/7906-49,EFETIVA,SIMPLES,AA,21/252,PRE_FIXADO,0.7760464849834834,NA,Informações adicionais,Renovação de cadastro,CADASTRO,UNICA,MINIMO,37.85,0.405600427740348,JUROS_REMUNERATORIOS_POR_ATRASO,Informações adicionais sobre encargos.,0.5393454667820883
d9260d38-93cb-48fc-b586-67e5d8621439,d9260d38-93cb-48fc-b586-67e5d8621439,873.074.506-08,3506654e-b794-4818-b2b1-12f2efb03d39,Instituição Financeira 08,NA,Crédito Pessoal Consignado,EMPRESTIMOS,CREDITO_PESSOAL_COM_CONSIGNACAO,2021-05-22,NA,45415.62,BRL,2025-09-20,MENSAL,Periodicidade Mensal,2021-06-21,0.782619544332422,SAC,NA,00.053.976/0537-93,EFETIVA,SIMPLES,AA,21/252,PRE_FIXADO,0.2807153971768257,NA,Informações adicionais,Renovação de cadastro,CADASTRO,UNICA,MINIMO,13.3,0.12443212039626017,JUROS_REMUNERATORIOS_POR_ATRASO,Informações adicionais sobre encargos.,0.8329474726753006
0a8a69e8-8463-4fb8-b946-e8a9fe9d8755,0a8a69e8-8463-4fb8-b946-e8a9fe9d8755,858.966.616-86,a81729b5-ec71-4552-b4b1-26931c130154,Instituição Financeira 04,NA,Crédito Pessoal Consignado,EMPRESTIMOS,CREDITO_PESSOAL_COM_CONSIGNACAO,2021-10-19,NA,26215.7,BRL,2024-07-17,MENSAL,Periodicidade Mensal,2021-11-18,0.7700588984514589,SAC,NA,00.087.205/9506-29,EFETIVA,SIMPLES,AA,21/252,PRE_FIXADO,0.7848525541067888,NA,Informações adicionais,Renovação de cadastro,CADASTRO,UNICA,MINIMO,19.3,0.8994423160193836,JUROS_REMUNERATORIOS_POR_ATRASO,Informações adicionais sobre encargos.,0.05365714647812658
24fd4469-67ed-4c67-91d7-6a6f33212e35,24fd4469-67ed-4c67-91d7-6a6f33212e35,920.660.250-28,459b64e6-be78-4777-8b0b-f3b14e61ef31,Instituição Financeira 02,NA,Crédito Pessoal Consignado,EMPRESTIMOS,CREDITO_PESSOAL_COM_CONSIGNACAO,2021-02-17,NA,16208.95,BRL,2023-05-15,MENSAL,Periodicidade Mensal,2021-03-16,0.9767754397564601,SAC,NA,00.055.102/2980-34,EFETIVA,SIMPLES,AA,21/252,PRE_FIXADO,0.48174269817963067,NA,Informações adicionais,Renovação de cadastro,CADASTRO,UNICA,MINIMO,84.76,0.16149813430980386,JUROS_REMUNERATORIOS_POR_ATRASO,Informações adicionais sobre encargos.,0.36464389254791785
11454f3b-f6a5-4957-9107-3ff008034c6d,11454f3b-f6a5-4957-9107-3ff008034c6d,409.519.456-29,63d929c5-2a09-479e-806c-8cd073a029ab,Instituição Financeira 05,NA,Crédito Pessoal Consignado,EMPRESTIMOS,CREDITO_PESSOAL_COM_CONSIGNACAO,2021-05-03,NA,40294.21,BRL,2022-11-01,MENSAL,Periodicidade Mensal,2021-06-02,0.3716184546541552,SAC,NA,00.017.498/7700-72,EFETIVA,SIMPLES,AA,21/252,PRE_FIXADO,0.15287634445623488,NA,Informações adicionais,Renovação de cadastro,CADASTRO,UNICA,MINIMO,94.97,0.6600173101003768,JUROS_REMUNERATORIOS_POR_ATRASO,Informações adicionais sobre encargos.,0.06841686855297735
f512f5ed-9719-46c2-89f0-1a70066a0469,f512f5ed-9719-46c2-89f0-1a70066a0469,058.052.168-72,3fda1ef5-4b72-4557-bcbf-296780ba2c1f,Instituição Financeira 01,NA,Crédito Pessoal Consignado,EMPRESTIMOS,CREDITO_PESSOAL_COM_CONSIGNACAO,2021-09-17,NA,22641.67,BRL,2024-07-15,MENSAL,Periodicidade Mensal,2021-10-16,0.5944574291562696,SAC,NA,00.063.281/5749-36,EFETIVA,SIMPLES,AA,21/252,PRE_FIXADO,0.30842037838132597,NA,Informações adicionais,Renovação de cadastro,CADASTRO,UNICA,MINIMO,36.31,0.9601486774246752,JUROS_REMUNERATORIOS_POR_ATRASO,Informações adicionais sobre encargos.,0.6411358168089849
28cd355e-13cc-4ec5-a07e-d111ce0cdcf8,28cd355e-13cc-4ec5-a07e-d111ce0cdcf8,863.884.269-14,63d929c5-2a09-479e-806c-8cd073a029ab,Instituição Financeira 05,NA,Crédito Pessoal Consignado,EMPRESTIMOS,CREDITO_PESSOAL_COM_CONSIGNACAO,2021-02-26,NA,49570.22,BRL,2026-01-24,MENSAL,Periodicidade Mensal,2021-03-25,0.9082416259600559,SAC,NA,00.017.498/7700-72,EFETIVA,SIMPLES,AA,21/252,PRE_FIXADO,0.5393157748872874,NA,Informações adicionais,Renovação de cadastro,CADASTRO,UNICA,MINIMO,37.02,0.6737346031019784,JUROS_REMUNERATORIOS_POR_ATRASO,Informações adicionais sobre encargos.,0.690756113045101
948cbad0-ad40-488f-b8df-94a4ded83b0e,948cbad0-ad40-488f-b8df-94a4ded83b0e,833.684.540-99,f4851ca0-7163-4d71-97a7-df1e999c047f,Instituição Financeira 07,NA,Crédito Pessoal Consignado,EMPRESTIMOS,CREDITO_PESSOAL_COM_CONSIGNACAO,2021-05-06,NA,35523.99,BRL,2026-01-04,MENSAL,Periodicidade Mensal,2021-06-05,0.6466871744263625,SAC,NA,00.026.814/6240-28,EFETIVA,SIMPLES,AA,21/252,PRE_FIXADO,0.001917722944929423,NA,Informações adicionais,Renovação de cadastro,CADASTRO,UNICA,MINIMO,76.27,0.4788736962996787,JUROS_REMUNERATORIOS_POR_ATRASO,Informações adicionais sobre encargos.,0.664113291648502
5b1bf0d7-33f0-41ea-98fd-b4d6ead869c2,5b1bf0d7-33f0-41ea-98fd-b4d6ead869c2,020.365.809-11,459b64e6-be78-4777-8b0b-f3b14e61ef31,Instituição Financeira 02,NA,Crédito Pessoal Consignado,EMPRESTIMOS,CREDITO_PESSOAL_COM_CONSIGNACAO,2021-09-27,NA,32716.38,BRL,2023-03-25,MENSAL,Periodicidade Mensal,2021-10-26,0.5812299112600092,SAC,NA,00.055.102/2980-34,EFETIVA,SIMPLES,AA,21/252,PRE_FIXADO,0.5591662575252154,NA,Informações adicionais,Renovação de cadastro,CADASTRO,UNICA,MINIMO,16.66,0.6147629296315162,JUROS_REMUNERATORIOS_POR_ATRASO,Informações adicionais sobre encargos.,0.049154248771498654
fa179fef-a30d-4d52-955b-7f1e2573b630,fa179fef-a30d-4d52-955b-7f1e2573b630,242.515.499-46,3fda1ef5-4b72-4557-bcbf-296780ba2c1f,Instituição Financeira 01,NA,Crédito Pessoal Consignado,EMPRESTIMOS,CREDITO_PESSOAL_COM_CONSIGNACAO,2021-04-14,NA,13516.9,BRL,2022-12-12,MENSAL,Periodicidade Mensal,2021-05-13,0.60463284960406,SAC,NA,00.063.281/5749-36,EFETIVA,SIMPLES,AA,21/252,PRE_FIXADO,0.6332726694331821,NA,Informações adicionais,Renovação de cadastro,CADASTRO,UNICA,MINIMO,21.51,0.5316531802708935,JUROS_REMUNERATORIOS_POR_ATRASO,Informações adicionais sobre encargos.,0.7233986873896079
812e5882-d194-420d-9b0b-b24df6027015,812e5882-d194-420d-9b0b-b24df6027015,853.431.701-97,63d929c5-2a09-479e-806c-8cd073a029ab,Instituição Financeira 05,NA,Crédito Pessoal Consignado,EMPRESTIMOS,CREDITO_PESSOAL_COM_CONSIGNACAO,2021-07-30,NA,13766.86,BRL,2024-12-28,MENSAL,Periodicidade Mensal,2021-08-29,0.4828179595686024,SAC,NA,00.017.498/7700-72,EFETIVA,SIMPLES,AA,21/252,PRE_FIXADO,0.3403649575198979,NA,Informações adicionais,Renovação de cadastro,CADASTRO,UNICA,MINIMO,87.1,0.03479212589248326,JUROS_REMUNERATORIOS_POR_ATRASO,Informações adicionais sobre encargos.,0.08188042171775756
6d4ded78-3f64-4791-9055-792bf8cb5c8b,6d4ded78-3f64-4791-9055-792bf8cb5c8b,281.518.068-01,3506654e-b794-4818-b2b1-12f2efb03d39,Instituição Financeira 08,NA,Crédito Pessoal Consignado,EMPRESTIMOS,CREDITO_PESSOAL_COM_CONSIGNACAO,2021-07-29,NA,25906.19,BRL,2022-09-27,MENSAL,Periodicidade Mensal,2021-08-28,0.942888902903156,SAC,NA,00.053.976/0537-93,EFETIVA,SIMPLES,AA,21/252,PRE_FIXADO,0.852653897793632,NA,Informações adicionais,Renovação de cadastro,CADASTRO,UNICA,MINIMO,82.93,0.766363954948176,JUROS_REMUNERATORIOS_POR_ATRASO,Informações adicionais sobre encargos.,0.740979154764666
d679ba0a-93ce-4bf2-befa-617b935e00a5,d679ba0a-93ce-4bf2-befa-617b935e00a5,661.327.094-28,f4851ca0-7163-4d71-97a7-df1e999c047f,Instituição Financeira 07,NA,Crédito Pessoal Consignado,EMPRESTIMOS,CREDITO_PESSOAL_COM_CONSIGNACAO,2021-10-10,NA,40687.29,BRL,2025-01-08,MENSAL,Periodicidade Mensal,2021-11-09,0.3718913545289677,SAC,NA,00.026.814/6240-28,EFETIVA,SIMPLES,AA,21/252,PRE_FIXADO,0.11244958993375764,NA,Informações adicionais,Renovação de cadastro,CADASTRO,UNICA,MINIMO,28.99,0.047926467335954515,JUROS_REMUNERATORIOS_POR_ATRASO,Informações adicionais sobre encargos.,0.37725331108202176
df207bf2-fe96-44e3-a66a-9627c6b76aa7,df207bf2-fe96-44e3-a66a-9627c6b76aa7,603.884.694-94,e7fc1280-4dd3-4977-bc24-c08ffea8baf5,Instituição Financeira 06,NA,Crédito Pessoal Consignado,EMPRESTIMOS,CREDITO_PESSOAL_COM_CONSIGNACAO,2021-02-18,NA,37981.32,BRL,2024-09-16,MENSAL,Periodicidade Mensal,2021-03-17,0.701651291163043,SAC,NA,00.053.287/2180-55,EFETIVA,SIMPLES,AA,21/252,PRE_FIXADO,0.3634596306369806,NA,Informações adicionais,Renovação de cadastro,CADASTRO,UNICA,MINIMO,76.25,0.2558702072644552,JUROS_REMUNERATORIOS_POR_ATRASO,Informações adicionais sobre encargos.,0.2479332370847871
d93cf7b6-a9b5-4397-858c-f7311c2166f0,d93cf7b6-a9b5-4397-858c-f7311c2166f0,626.944.009-98,a81729b5-ec71-4552-b4b1-26931c130154,Instituição Financeira 04,NA,Crédito Pessoal Consignado,EMPRESTIMOS,CREDITO_PESSOAL_COM_CONSIGNACAO,2021-02-13,NA,36173.3,BRL,2024-12-11,MENSAL,Periodicidade Mensal,2021-03-12,0.9216455499516369,SAC,NA,00.087.205/9506-29,EFETIVA,SIMPLES,AA,21/252,PRE_FIXADO,0.9747911346956819,NA,Informações adicionais,Renovação de cadastro,CADASTRO,UNICA,MINIMO,4.2,0.5395156721670793,JUROS_REMUNERATORIOS_POR_ATRASO,Informações adicionais sobre encargos.,0.4643886036800504
ecbb3b88-de72-4f95-9680-26ffa0142f17,ecbb3b88-de72-4f95-9680-26ffa0142f17,817.684.428-53,d3d2b0d5-903a-4f9f-b793-c139490d5ca7,Instituição Financeira 09,NA,Crédito Pessoal Consignado,EMPRESTIMOS,CREDITO_PESSOAL_COM_CONSIGNACAO,2021-10-26,NA,14462.91,BRL,2023-01-24,MENSAL,Periodicidade Mensal,2021-11-25,0.4415083776324684,SAC,NA,00.009.921/6370-51,EFETIVA,SIMPLES,AA,21/252,PRE_FIXADO,0.29615022534208757,NA,Informações adicionais,Renovação de cadastro,CADASTRO,UNICA,MINIMO,66.59,0.3482639470202078,JUROS_REMUNERATORIOS_POR_ATRASO,Informações adicionais sobre encargos.,0.6571509058166118
84eb890c-90cd-4f8a-9f6c-2e7eb23bbb33,84eb890c-90cd-4f8a-9f6c-2e7eb23bbb33,827.813.256-54,f4851ca0-7163-4d71-97a7-df1e999c047f,Instituição Financeira 07,NA,Crédito Pessoal Consignado,EMPRESTIMOS,CREDITO_PESSOAL_COM_CONSIGNACAO,2021-04-10,NA,30276.5,BRL,2023-08-08,MENSAL,Periodicidade Mensal,2021-05-09,0.3501747305791145,SAC,NA,00.026.814/6240-28,EFETIVA,SIMPLES,AA,21/252,PRE_FIXADO,0.11627885961949525,NA,Informações adicionais,Renovação de cadastro,CADASTRO,UNICA,MINIMO,66.91,0.7420542287928362,JUROS_REMUNERATORIOS_POR_ATRASO,Informações adicionais sobre encargos.,0.6848179962672796
fa3a9ea9-a2c3-4e3d-b596-44df1b06a121,fa3a9ea9-a2c3-4e3d-b596-44df1b06a121,876.896.984-78,69665991-da55-4aac-a1f2-32d23daba8fe,Instituição Financeira 03,NA,Crédito Pessoal Consignado,EMPRESTIMOS,CREDITO_PESSOAL_COM_CONSIGNACAO,2021-03-08,NA,35564.68,BRL,2024-10-06,MENSAL,Periodicidade Mensal,2021-04-07,0.5623252728398527,SAC,NA,00.047.912/7906-49,EFETIVA,SIMPLES,AA,21/252,PRE_FIXADO,0.37185662395547747,NA,Informações adicionais,Renovação de cadastro,CADASTRO,UNICA,MINIMO,17.52,0.20043793636082308,JUROS_REMUNERATORIOS_POR_ATRASO,Informações adicionais sobre encargos.,0.17202737461440076
6d042f7c-97e4-444f-a398-4c3018ede189,6d042f7c-97e4-444f-a398-4c3018ede189,571.596.480-01,a81729b5-ec71-4552-b4b1-26931c130154,Instituição Financeira 04,NA,Crédito Pessoal Consignado,EMPRESTIMOS,CREDITO_PESSOAL_COM_CONSIGNACAO,2021-11-28,NA,31439.82,BRL,2025-08-26,MENSAL,Periodicidade Mensal,2021-12-27,0.25902023560719,SAC,NA,00.087.205/9506-29,EFETIVA,SIMPLES,AA,21/252,PRE_FIXADO,0.04277536344864985,NA,Informações adicionais,Renovação de cadastro,CADASTRO,UNICA,MINIMO,44.49,0.1707474371642379,JUROS_REMUNERATORIOS_POR_ATRASO,Informações adicionais sobre encargos.,0.4168347350667527
2b4df0ba-ac77-4c93-a1ba-2733c3096994,2b4df0ba-ac77-4c93-a1ba-2733c3096994,312.738.890-33,63d929c5-2a09-479e-806c-8cd073a029ab,Instituição Financeira 05,NA,Crédito Pessoal Consignado,EMPRESTIMOS,CREDITO_PESSOAL_COM_CONSIGNACAO,2021-07-28,NA,16651.51,BRL,2022-08-26,MENSAL,Periodicidade Mensal,2021-08-27,0.9305960160830202,SAC,NA,00.017.498/7700-72,EFETIVA,SIMPLES,AA,21/252,PRE_FIXADO,0.9487331166348902,NA,Informações adicionais,Renovação de cadastro,CADASTRO,UNICA,MINIMO,63.18,0.44482673881180124,JUROS_REMUNERATORIOS_POR_ATRASO,Informações adicionais sobre encargos.,0.7561856586247555
118931a0-5c75-4681-9c9a-0eb39307c180,118931a0-5c75-4681-9c9a-0eb39307c180,485.718.482-43,459b64e6-be78-4777-8b0b-f3b14e61ef31,Instituição Financeira 02,NA,Crédito Pessoal Consignado,EMPRESTIMOS,CREDITO_PESSOAL_COM_CONSIGNACAO,2021-05-20,NA,26567.34,BRL,2025-09-18,MENSAL,Periodicidade Mensal,2021-06-19,0.7680139570439921,SAC,NA,00.055.102/2980-34,EFETIVA,SIMPLES,AA,21/252,PRE_FIXADO,0.21372790270454134,NA,Informações adicionais,Renovação de cadastro,CADASTRO,UNICA,MINIMO,9.77,0.1213419731208667,JUROS_REMUNERATORIOS_POR_ATRASO,Informações adicionais sobre encargos.,0.25926879606855335
2c0a4291-5665-46c2-b5fa-25344d7181fe,2c0a4291-5665-46c2-b5fa-25344d7181fe,302.311.162-07,3fda1ef5-4b72-4557-bcbf-296780ba2c1f,Instituição Financeira 01,NA,Crédito Pessoal Consignado,EMPRESTIMOS,CREDITO_PESSOAL_COM_CONSIGNACAO,2021-07-10,NA,31526.65,BRL,2022-09-08,MENSAL,Periodicidade Mensal,2021-08-09,0.41864713274220966,SAC,NA,00.063.281/5749-36,EFETIVA,SIMPLES,AA,21/252,PRE_FIXADO,0.9649337059476613,NA,Informações adicionais,Renovação de cadastro,CADASTRO,UNICA,MINIMO,49.59,0.3782899279489549,JUROS_REMUNERATORIOS_POR_ATRASO,Informações adicionais sobre encargos.,0.04723656988637304
e4e9bdcd-7ef1-4f76-be88-6f0b2eb08f4b,e4e9bdcd-7ef1-4f76-be88-6f0b2eb08f4b,854.825.237-29,e7fc1280-4dd3-4977-bc24-c08ffea8baf5,Instituição Financeira 06,NA,Crédito Pessoal Consignado,EMPRESTIMOS,CREDITO_PESSOAL_COM_CONSIGNACAO,2021-01-23,NA,35348.11,BRL,2024-06-21,MENSAL,Periodicidade Mensal,2021-02-22,0.16387883313934304,SAC,NA,00.053.287/2180-55,EFETIVA,SIMPLES,AA,21/252,PRE_FIXADO,0.4988554662506197,NA,Informações adicionais,Renovação de cadastro,CADASTRO,UNICA,MINIMO,6.2,0.6097834030442177,JUROS_REMUNERATORIOS_POR_ATRASO,Informações adicionais sobre encargos.,0.7160297809800915
b9c73f4c-bec9-4384-8319-90241eec2c11,b9c73f4c-bec9-4384-8319-90241eec2c11,525.068.150-07,69665991-da55-4aac-a1f2-32d23daba8fe,Instituição Financeira 03,NA,Crédito Pessoal Consignado,EMPRESTIMOS,CREDITO_PESSOAL_COM_CONSIGNACAO,2021-06-27,NA,42845.35,BRL,2024-11-25,MENSAL,Periodicidade Mensal,2021-07-26,0.7477620279115897,SAC,NA,00.047.912/7906-49,EFETIVA,SIMPLES,AA,21/252,PRE_FIXADO,0.13310543414903298,NA,Informações adicionais,Renovação de cadastro,CADASTRO,UNICA,MINIMO,23.67,0.3342514397357881,JUROS_REMUNERATORIOS_POR_ATRASO,Informações adicionais sobre encargos.,0.6309027442311059
1568030c-d72c-4be8-8fd9-f9c66bbea0ca,1568030c-d72c-4be8-8fd9-f9c66bbea0ca,181.226.473-68,63d929c5-2a09-479e-806c-8cd073a029ab,Instituição Financeira 05,NA,Crédito Pessoal Consignado,EMPRESTIMOS,CREDITO_PESSOAL_COM_CONSIGNACAO,2021-03-14,NA,11982.68,BRL,2022-09-12,MENSAL,Periodicidade Mensal,2021-04-13,0.4144816161092466,SAC,NA,00.017.498/7700-72,EFETIVA,SIMPLES,AA,21/252,PRE_FIXADO,0.9663011515306736,NA,Informações adicionais,Renovação de cadastro,CADASTRO,UNICA,MINIMO,26.43,0.8427538132037071,JUROS_REMUNERATORIOS_POR_ATRASO,Informações adicionais sobre encargos.,0.9473844044793986
c7fdfc27-42d6-48d3-ab5b-e9eeb6625926,c7fdfc27-42d6-48d3-ab5b-e9eeb6625926,270.180.738-87,3506654e-b794-4818-b2b1-12f2efb03d39,Instituição Financeira 08,NA,Crédito Pessoal Consignado,EMPRESTIMOS,CREDITO_PESSOAL_COM_CONSIGNACAO,2021-04-21,NA,43480.48,BRL,2022-05-19,MENSAL,Periodicidade Mensal,2021-05-20,0.22697727372769672,SAC,NA,00.053.976/0537-93,EFETIVA,SIMPLES,AA,21/252,PRE_FIXADO,0.8097479506806216,NA,Informações adicionais,Renovação de cadastro,CADASTRO,UNICA,MINIMO,44.56,0.06726392305061757,JUROS_REMUNERATORIOS_POR_ATRASO,Informações adicionais sobre encargos.,0.3164201008964864
f9db7a5f-0c22-4fa5-988c-53e0f4e6b0a6,f9db7a5f-0c22-4fa5-988c-53e0f4e6b0a6,112.975.895-01,d3d2b0d5-903a-4f9f-b793-c139490d5ca7,Instituição Financeira 09,NA,Crédito Pessoal Consignado,EMPRESTIMOS,CREDITO_PESSOAL_COM_CONSIGNACAO,2021-08-18,NA,33188.13,BRL,2024-04-16,MENSAL,Periodicidade Mensal,2021-09-17,0.46472996231454444,SAC,NA,00.009.921/6370-51,EFETIVA,SIMPLES,AA,21/252,PRE_FIXADO,0.29861935178243226,NA,Informações adicionais,Renovação de cadastro,CADASTRO,UNICA,MINIMO,87.27,0.7336338947716374,JUROS_REMUNERATORIOS_POR_ATRASO,Informações adicionais sobre encargos.,0.6533471064611429
de1e6c1f-7458-4093-a38c-c2840fb3877c,de1e6c1f-7458-4093-a38c-c2840fb3877c,343.644.278-86,ac2ab4c1-dc48-4958-b964-e46938817aaa,Instituição Financeira 10,NA,Crédito Pessoal Consignado,EMPRESTIMOS,CREDITO_PESSOAL_COM_CONSIGNACAO,2021-06-16,NA,35499.39,BRL,2026-06-14,MENSAL,Periodicidade Mensal,2021-07-15,0.2957268223992331,SAC,NA,00.009.467/9711-21,EFETIVA,SIMPLES,AA,21/252,PRE_FIXADO,0.8577599763241914,NA,Informações adicionais,Renovação de cadastro,CADASTRO,UNICA,MINIMO,54.79,0.9616658271412282,JUROS_REMUNERATORIOS_POR_ATRASO,Informações adicionais sobre encargos.,0.44973993957020575
1ee0b47e-8aeb-43c1-b749-d56810c2203b,1ee0b47e-8aeb-43c1-b749-d56810c2203b,895.494.477-55,e7fc1280-4dd3-4977-bc24-c08ffea8baf5,Instituição Financeira 06,NA,Crédito Pessoal Consignado,EMPRESTIMOS,CREDITO_PESSOAL_COM_CONSIGNACAO,2021-11-17,NA,46969.31,BRL,2022-12-15,MENSAL,Periodicidade Mensal,2021-12-16,0.3281214444760969,SAC,NA,00.053.287/2180-55,EFETIVA,SIMPLES,AA,21/252,PRE_FIXADO,0.7757351966348129,NA,Informações adicionais,Renovação de cadastro,CADASTRO,UNICA,MINIMO,22.03,0.03904246960401414,JUROS_REMUNERATORIOS_POR_ATRASO,Informações adicionais sobre encargos.,0.6460072523824627
d5eaea23-4e32-4c8a-8722-48f7554a800e,d5eaea23-4e32-4c8a-8722-48f7554a800e,875.543.757-42,d3d2b0d5-903a-4f9f-b793-c139490d5ca7,Instituição Financeira 09,NA,Crédito Pessoal Consignado,EMPRESTIMOS,CREDITO_PESSOAL_COM_CONSIGNACAO,2021-09-03,NA,27994.48,BRL,2023-05-01,MENSAL,Periodicidade Mensal,2021-10-02,0.4164369107697321,SAC,NA,00.009.921/6370-51,EFETIVA,SIMPLES,AA,21/252,PRE_FIXADO,0.26925019796940663,NA,Informações adicionais,Renovação de cadastro,CADASTRO,UNICA,MINIMO,77.21,0.7347104837712937,JUROS_REMUNERATORIOS_POR_ATRASO,Informações adicionais sobre encargos.,0.9677445361053862
76e6023a-63bc-4866-af10-654406f085ae,76e6023a-63bc-4866-af10-654406f085ae,756.248.980-76,3506654e-b794-4818-b2b1-12f2efb03d39,Instituição Financeira 08,NA,Crédito Pessoal Consignado,EMPRESTIMOS,CREDITO_PESSOAL_COM_CONSIGNACAO,2021-11-02,NA,12707.93,BRL,2026-07-30,MENSAL,Periodicidade Mensal,2021-12-01,0.5671845125673753,SAC,NA,00.053.976/0537-93,EFETIVA,SIMPLES,AA,21/252,PRE_FIXADO,0.7940160385975072,NA,Informações adicionais,Renovação de cadastro,CADASTRO,UNICA,MINIMO,79.35,0.46621995722446385,JUROS_REMUNERATORIOS_POR_ATRASO,Informações adicionais sobre encargos.,0.4931016880979562
cbbd7d54-ae48-4e5f-bb92-f90667ef9da4,cbbd7d54-ae48-4e5f-bb92-f90667ef9da4,332.256.817-65,459b64e6-be78-4777-8b0b-f3b14e61ef31,Instituição Financeira 02,NA,Crédito Pessoal Consignado,EMPRESTIMOS,CREDITO_PESSOAL_COM_CONSIGNACAO,2021-05-13,NA,29820.72,BRL,2024-11-11,MENSAL,Periodicidade Mensal,2021-06-12,0.4157510390006436,SAC,NA,00.055.102/2980-34,EFETIVA,SIMPLES,AA,21/252,PRE_FIXADO,0.20610059819571847,NA,Informações adicionais,Renovação de cadastro,CADASTRO,UNICA,MINIMO,84.15,0.7192606161809763,JUROS_REMUNERATORIOS_POR_ATRASO,Informações adicionais sobre encargos.,0.4245531575487014
655b8c3a-71ec-45df-bde3-c4a21b57a5cf,655b8c3a-71ec-45df-bde3-c4a21b57a5cf,143.699.586-88,a81729b5-ec71-4552-b4b1-26931c130154,Instituição Financeira 04,NA,Crédito Pessoal Consignado,EMPRESTIMOS,CREDITO_PESSOAL_COM_CONSIGNACAO,2021-09-26,NA,31079.96,BRL,2025-05-24,MENSAL,Periodicidade Mensal,2021-10-25,0.6263048380449325,SAC,NA,00.087.205/9506-29,EFETIVA,SIMPLES,AA,21/252,PRE_FIXADO,0.2509687424235767,NA,Informações adicionais,Renovação de cadastro,CADASTRO,UNICA,MINIMO,62.43,0.04733107378330281,JUROS_REMUNERATORIOS_POR_ATRASO,Informações adicionais sobre encargos.,0.25617561644694997
39b0d065-ee5c-4238-afbe-1f89571e6e1e,39b0d065-ee5c-4238-afbe-1f89571e6e1e,558.869.411-41,459b64e6-be78-4777-8b0b-f3b14e61ef31,Instituição Financeira 02,NA,Crédito Pessoal Consignado,EMPRESTIMOS,CREDITO_PESSOAL_COM_CONSIGNACAO,2021-07-24,NA,42903.58,BRL,2023-12-22,MENSAL,Periodicidade Mensal,2021-08-23,0.43235116685234276,SAC,NA,00.055.102/2980-34,EFETIVA,SIMPLES,AA,21/252,PRE_FIXADO,0.4225147739382349,NA,Informações adicionais,Renovação de cadastro,CADASTRO,UNICA,MINIMO,73.02,0.7831111095973979,JUROS_REMUNERATORIOS_POR_ATRASO,Informações adicionais sobre encargos.,0.19129410513490686
73ec0910-9808-46d0-96a1-d6caddee40ca,73ec0910-9808-46d0-96a1-d6caddee40ca,486.773.357-66,63d929c5-2a09-479e-806c-8cd073a029ab,Instituição Financeira 05,NA,Crédito Pessoal Consignado,EMPRESTIMOS,CREDITO_PESSOAL_COM_CONSIGNACAO,2021-02-14,NA,10859.2,BRL,2023-12-12,MENSAL,Periodicidade Mensal,2021-03-13,0.07715518149958767,SAC,NA,00.017.498/7700-72,EFETIVA,SIMPLES,AA,21/252,PRE_FIXADO,0.12238026127229151,NA,Informações adicionais,Renovação de cadastro,CADASTRO,UNICA,MINIMO,94.12,0.24490962234240277,JUROS_REMUNERATORIOS_POR_ATRASO,Informações adicionais sobre encargos.,0.17423115809277068
59262c3c-e122-413f-8d03-34112b488461,59262c3c-e122-413f-8d03-34112b488461,404.796.009-71,e7fc1280-4dd3-4977-bc24-c08ffea8baf5,Instituição Financeira 06,NA,Crédito Pessoal Consignado,EMPRESTIMOS,CREDITO_PESSOAL_COM_CONSIGNACAO,2021-04-08,NA,17620.52,BRL,2025-07-06,MENSAL,Periodicidade Mensal,2021-05-07,0.7102219733827246,SAC,NA,00.053.287/2180-55,EFETIVA,SIMPLES,AA,21/252,PRE_FIXADO,0.0022191431003224515,NA,Informações adicionais,Renovação de cadastro,CADASTRO,UNICA,MINIMO,26.86,0.004569085022263275,JUROS_REMUNERATORIOS_POR_ATRASO,Informações adicionais sobre encargos.,0.8895617278542274
3e221a9f-5985-49fe-a382-38c58cdb2ad2,3e221a9f-5985-49fe-a382-38c58cdb2ad2,689.260.948-23,e7fc1280-4dd3-4977-bc24-c08ffea8baf5,Instituição Financeira 06,NA,Crédito Pessoal Consignado,EMPRESTIMOS,CREDITO_PESSOAL_COM_CONSIGNACAO,2021-07-15,NA,45730.45,BRL,2022-12-13,MENSAL,Periodicidade Mensal,2021-08-14,0.09722024264198414,SAC,NA,00.053.287/2180-55,EFETIVA,SIMPLES,AA,21/252,PRE_FIXADO,0.21735320050298856,NA,Informações adicionais,Renovação de cadastro,CADASTRO,UNICA,MINIMO,93.09,0.7788638020309606,JUROS_REMUNERATORIOS_POR_ATRASO,Informações adicionais sobre encargos.,0.8920223475996685
1c35759b-3621-446c-82eb-dfc2acf46303,1c35759b-3621-446c-82eb-dfc2acf46303,939.316.884-93,3506654e-b794-4818-b2b1-12f2efb03d39,Instituição Financeira 08,NA,Crédito Pessoal Consignado,EMPRESTIMOS,CREDITO_PESSOAL_COM_CONSIGNACAO,2021-06-16,NA,30635.75,BRL,2023-12-14,MENSAL,Periodicidade Mensal,2021-07-15,0.6708273465358148,SAC,NA,00.053.976/0537-93,EFETIVA,SIMPLES,AA,21/252,PRE_FIXADO,0.2793147778706344,NA,Informações adicionais,Renovação de cadastro,CADASTRO,UNICA,MINIMO,2.46,0.10343007660373438,JUROS_REMUNERATORIOS_POR_ATRASO,Informações adicionais sobre encargos.,0.5329496347579354
30c85f18-7c92-44cb-a255-96d087abc195,30c85f18-7c92-44cb-a255-96d087abc195,247.825.271-33,e7fc1280-4dd3-4977-bc24-c08ffea8baf5,Instituição Financeira 06,NA,Crédito Pessoal Consignado,EMPRESTIMOS,CREDITO_PESSOAL_COM_CONSIGNACAO,2021-01-07,NA,36392.56,BRL,2023-07-05,MENSAL,Periodicidade Mensal,2021-02-06,0.4524612277927358,SAC,NA,00.053.287/2180-55,EFETIVA,SIMPLES,AA,21/252,PRE_FIXADO,0.41659351512565546,NA,Informações adicionais,Renovação de cadastro,CADASTRO,UNICA,MINIMO,2.25,0.10216956760200069,JUROS_REMUNERATORIOS_POR_ATRASO,Informações adicionais sobre encargos.,0.08556128153054665
ae90ad94-095e-4163-8d85-9d0dfcd8246e,ae90ad94-095e-4163-8d85-9d0dfcd8246e,819.247.588-78,ac2ab4c1-dc48-4958-b964-e46938817aaa,Instituição Financeira 10,NA,Crédito Pessoal Consignado,EMPRESTIMOS,CREDITO_PESSOAL_COM_CONSIGNACAO,2021-03-03,NA,14621.15,BRL,2022-09-01,MENSAL,Periodicidade Mensal,2021-04-02,0.16926171420527814,SAC,NA,00.009.467/9711-21,EFETIVA,SIMPLES,AA,21/252,PRE_FIXADO,0.1012975197105066,NA,Informações adicionais,Renovação de cadastro,CADASTRO,UNICA,MINIMO,35.92,0.5246137110295364,JUROS_REMUNERATORIOS_POR_ATRASO,Informações adicionais sobre encargos.,0.24484418458302093
b03bdacd-5912-410b-867b-19195458dd3e,b03bdacd-5912-410b-867b-19195458dd3e,846.076.555-20,3506654e-b794-4818-b2b1-12f2efb03d39,Instituição Financeira 08,NA,Crédito Pessoal Consignado,EMPRESTIMOS,CREDITO_PESSOAL_COM_CONSIGNACAO,2021-03-05,NA,44202.26,BRL,2022-12-03,MENSAL,Periodicidade Mensal,2021-04-04,0.8287303726499742,SAC,NA,00.053.976/0537-93,EFETIVA,SIMPLES,AA,21/252,PRE_FIXADO,0.5154749812599957,NA,Informações adicionais,Renovação de cadastro,CADASTRO,UNICA,MINIMO,94.4,0.8670600277986156,JUROS_REMUNERATORIOS_POR_ATRASO,Informações adicionais sobre encargos.,0.9878351467721822
48e596f1-6670-4257-b12a-0b187f9430da,48e596f1-6670-4257-b12a-0b187f9430da,494.835.258-17,459b64e6-be78-4777-8b0b-f3b14e61ef31,Instituição Financeira 02,NA,Crédito Pessoal Consignado,EMPRESTIMOS,CREDITO_PESSOAL_COM_CONSIGNACAO,2021-10-24,NA,23780.82,BRL,2023-09-22,MENSAL,Periodicidade Mensal,2021-11-23,0.8643784834373875,SAC,NA,00.055.102/2980-34,EFETIVA,SIMPLES,AA,21/252,PRE_FIXADO,0.6871293981432602,NA,Informações adicionais,Renovação de cadastro,CADASTRO,UNICA,MINIMO,30.75,0.3206888069702163,JUROS_REMUNERATORIOS_POR_ATRASO,Informações adicionais sobre encargos.,0.018617999833169918
39dec261-49f5-4733-91b3-a4ded0bca982,39dec261-49f5-4733-91b3-a4ded0bca982,193.168.714-93,3fda1ef5-4b72-4557-bcbf-296780ba2c1f,Instituição Financeira 01,NA,Crédito Pessoal Consignado,EMPRESTIMOS,CREDITO_PESSOAL_COM_CONSIGNACAO,2021-11-20,NA,44750.8,BRL,2024-09-18,MENSAL,Periodicidade Mensal,2021-12-19,0.7640300622717535,SAC,NA,00.063.281/5749-36,EFETIVA,SIMPLES,AA,21/252,PRE_FIXADO,0.8203830495264208,NA,Informações adicionais,Renovação de cadastro,CADASTRO,UNICA,MINIMO,76.51,0.09721732587852272,JUROS_REMUNERATORIOS_POR_ATRASO,Informações adicionais sobre encargos.,0.9584214906203259
461684b6-a44d-426e-834b-ef9c3df29b28,461684b6-a44d-426e-834b-ef9c3df29b28,022.049.496-38,f4851ca0-7163-4d71-97a7-df1e999c047f,Instituição Financeira 07,NA,Crédito Pessoal Consignado,EMPRESTIMOS,CREDITO_PESSOAL_COM_CONSIGNACAO,2021-08-16,NA,28151.58,BRL,2022-08-14,MENSAL,Periodicidade Mensal,2021-09-15,0.6037933125141408,SAC,NA,00.026.814/6240-28,EFETIVA,SIMPLES,AA,21/252,PRE_FIXADO,0.3209970875560968,NA,Informações adicionais,Renovação de cadastro,CADASTRO,UNICA,MINIMO,20.07,0.15345671968037555,JUROS_REMUNERATORIOS_POR_ATRASO,Informações adicionais sobre encargos.,0.4602283704099841
12e339d6-d129-482c-a44a-ab8f3259df2a,12e339d6-d129-482c-a44a-ab8f3259df2a,320.459.828-21,d3d2b0d5-903a-4f9f-b793-c139490d5ca7,Instituição Financeira 09,NA,Crédito Pessoal Consignado,EMPRESTIMOS,CREDITO_PESSOAL_COM_CONSIGNACAO,2021-07-19,NA,24850.36,BRL,2025-04-17,MENSAL,Periodicidade Mensal,2021-08-18,0.6001666071374432,SAC,NA,00.009.921/6370-51,EFETIVA,SIMPLES,AA,21/252,PRE_FIXADO,0.6120983781807603,NA,Informações adicionais,Renovação de cadastro,CADASTRO,UNICA,MINIMO,84.48,0.023989713419027447,JUROS_REMUNERATORIOS_POR_ATRASO,Informações adicionais sobre encargos.,0.9314277467959025
5c961392-d95c-404d-8f2f-17c5b78eedfa,5c961392-d95c-404d-8f2f-17c5b78eedfa,512.813.285-34,459b64e6-be78-4777-8b0b-f3b14e61ef31,Instituição Financeira 02,NA,Crédito Pessoal Consignado,EMPRESTIMOS,CREDITO_PESSOAL_COM_CONSIGNACAO,2021-06-10,NA,17417.84,BRL,2025-12-08,MENSAL,Periodicidade Mensal,2021-07-09,0.2799040353979605,SAC,NA,00.055.102/2980-34,EFETIVA,SIMPLES,AA,21/252,PRE_FIXADO,0.6580797138912293,NA,Informações adicionais,Renovação de cadastro,CADASTRO,UNICA,MINIMO,10.38,0.9054661206800805,JUROS_REMUNERATORIOS_POR_ATRASO,Informações adicionais sobre encargos.,0.837082643889054
3fcf36e8-d84f-4ec4-8d32-115458f3824c,3fcf36e8-d84f-4ec4-8d32-115458f3824c,695.981.003-16,e7fc1280-4dd3-4977-bc24-c08ffea8baf5,Instituição Financeira 06,NA,Crédito Pessoal Consignado,EMPRESTIMOS,CREDITO_PESSOAL_COM_CONSIGNACAO,2021-09-27,NA,24766.59,BRL,2024-05-25,MENSAL,Periodicidade Mensal,2021-10-26,0.4408145864235671,SAC,NA,00.053.287/2180-55,EFETIVA,SIMPLES,AA,21/252,PRE_FIXADO,0.47168366173168086,NA,Informações adicionais,Renovação de cadastro,CADASTRO,UNICA,MINIMO,94.36,0.06451196651029889,JUROS_REMUNERATORIOS_POR_ATRASO,Informações adicionais sobre encargos.,0.10155880081917523
5ae7e730-8fdc-4556-a87c-a24fde9554f4,5ae7e730-8fdc-4556-a87c-a24fde9554f4,322.144.455-96,459b64e6-be78-4777-8b0b-f3b14e61ef31,Instituição Financeira 02,NA,Crédito Pessoal Consignado,EMPRESTIMOS,CREDITO_PESSOAL_COM_CONSIGNACAO,2021-10-25,NA,20326.58,BRL,2025-09-23,MENSAL,Periodicidade Mensal,2021-11-24,0.18126305849043423,SAC,NA,00.055.102/2980-34,EFETIVA,SIMPLES,AA,21/252,PRE_FIXADO,0.8151598856169702,NA,Informações adicionais,Renovação de cadastro,CADASTRO,UNICA,MINIMO,87.34,0.05902648017117662,JUROS_REMUNERATORIOS_POR_ATRASO,Informações adicionais sobre encargos.,0.390433871962536
8ada08bf-2372-4299-944d-3d4b62e4c633,8ada08bf-2372-4299-944d-3d4b62e4c633,260.963.183-50,3fda1ef5-4b72-4557-bcbf-296780ba2c1f,Instituição Financeira 01,NA,Crédito Pessoal Consignado,EMPRESTIMOS,CREDITO_PESSOAL_COM_CONSIGNACAO,2021-07-16,NA,37201.67,BRL,2023-07-14,MENSAL,Periodicidade Mensal,2021-08-15,0.9388928231175493,SAC,NA,00.063.281/5749-36,EFETIVA,SIMPLES,AA,21/252,PRE_FIXADO,0.7812425613881038,NA,Informações adicionais,Renovação de cadastro,CADASTRO,UNICA,MINIMO,49.33,0.6361367822837425,JUROS_REMUNERATORIOS_POR_ATRASO,Informações adicionais sobre encargos.,0.9045266181506257
73b4974d-e4be-4265-8c54-bc12a5417483,73b4974d-e4be-4265-8c54-bc12a5417483,200.344.192-05,d3d2b0d5-903a-4f9f-b793-c139490d5ca7,Instituição Financeira 09,NA,Crédito Pessoal Consignado,EMPRESTIMOS,CREDITO_PESSOAL_COM_CONSIGNACAO,2021-08-12,NA,41152.66,BRL,2025-11-10,MENSAL,Periodicidade Mensal,2021-09-11,0.9324440319877851,SAC,NA,00.009.921/6370-51,EFETIVA,SIMPLES,AA,21/252,PRE_FIXADO,0.7017011169638558,NA,Informações adicionais,Renovação de cadastro,CADASTRO,UNICA,MINIMO,6.11,0.0970438301089982,JUROS_REMUNERATORIOS_POR_ATRASO,Informações adicionais sobre encargos.,0.8655117491666042
e000e22a-7ca8-49f7-a988-3fa487461b22,e000e22a-7ca8-49f7-a988-3fa487461b22,504.680.731-42,a81729b5-ec71-4552-b4b1-26931c130154,Instituição Financeira 04,NA,Crédito Pessoal Consignado,EMPRESTIMOS,CREDITO_PESSOAL_COM_CONSIGNACAO,2021-09-11,NA,33457.21,BRL,2026-05-09,MENSAL,Periodicidade Mensal,2021-10-10,0.6858189524669691,SAC,NA,00.087.205/9506-29,EFETIVA,SIMPLES,AA,21/252,PRE_FIXADO,0.5591420785393328,NA,Informações adicionais,Renovação de cadastro,CADASTRO,UNICA,MINIMO,54.03,0.015663147904341868,JUROS_REMUNERATORIOS_POR_ATRASO,Informações adicionais sobre encargos.,0.39356230659886693
2e1ca650-65a4-4016-bf6b-bdcd9530beec,2e1ca650-65a4-4016-bf6b-bdcd9530beec,615.575.460-00,3fda1ef5-4b72-4557-bcbf-296780ba2c1f,Instituição Financeira 01,NA,Crédito Pessoal Consignado,EMPRESTIMOS,CREDITO_PESSOAL_COM_CONSIGNACAO,2021-03-09,NA,16456.19,BRL,2025-09-07,MENSAL,Periodicidade Mensal,2021-04-08,0.6974000870574939,SAC,NA,00.063.281/5749-36,EFETIVA,SIMPLES,AA,21/252,PRE_FIXADO,0.9356983249612953,NA,Informações adicionais,Renovação de cadastro,CADASTRO,UNICA,MINIMO,56.36,0.945714303638298,JUROS_REMUNERATORIOS_POR_ATRASO,Informações adicionais sobre encargos.,0.9446691930680176
d8f55d78-ed38-452c-9021-f6ebecab98b2,d8f55d78-ed38-452c-9021-f6ebecab98b2,645.257.083-32,d3d2b0d5-903a-4f9f-b793-c139490d5ca7,Instituição Financeira 09,NA,Crédito Pessoal Consignado,EMPRESTIMOS,CREDITO_PESSOAL_COM_CONSIGNACAO,2021-11-11,NA,49152.56,BRL,2022-11-09,MENSAL,Periodicidade Mensal,2021-12-10,0.2186328857162776,SAC,NA,00.009.921/6370-51,EFETIVA,SIMPLES,AA,21/252,PRE_FIXADO,0.22696137029838925,NA,Informações adicionais,Renovação de cadastro,CADASTRO,UNICA,MINIMO,88.07,0.9117717977396036,JUROS_REMUNERATORIOS_POR_ATRASO,Informações adicionais sobre encargos.,0.2451545253903602
1bb03c7b-f245-4997-b362-591d01efce77,1bb03c7b-f245-4997-b362-591d01efce77,531.439.240-70,63d929c5-2a09-479e-806c-8cd073a029ab,Instituição Financeira 05,NA,Crédito Pessoal Consignado,EMPRESTIMOS,CREDITO_PESSOAL_COM_CONSIGNACAO,2021-06-12,NA,42390.68,BRL,2023-06-10,MENSAL,Periodicidade Mensal,2021-07-11,0.4520214633661779,SAC,NA,00.017.498/7700-72,EFETIVA,SIMPLES,AA,21/252,PRE_FIXADO,0.18270211197619002,NA,Informações adicionais,Renovação de cadastro,CADASTRO,UNICA,MINIMO,93.4,0.21396123941393763,JUROS_REMUNERATORIOS_POR_ATRASO,Informações adicionais sobre encargos.,0.25032527378552993
fb51de7a-1392-47f8-a53c-983f1a774a32,fb51de7a-1392-47f8-a53c-983f1a774a32,398.690.343-40,3506654e-b794-4818-b2b1-12f2efb03d39,Instituição Financeira 08,NA,Crédito Pessoal Consignado,EMPRESTIMOS,CREDITO_PESSOAL_COM_CONSIGNACAO,2021-06-15,NA,14459.75,BRL,2024-02-13,MENSAL,Periodicidade Mensal,2021-07-14,0.8635065244740865,SAC,NA,00.053.976/0537-93,EFETIVA,SIMPLES,AA,21/252,PRE_FIXADO,0.1768520980882784,NA,Informações adicionais,Renovação de cadastro,CADASTRO,UNICA,MINIMO,2.27,0.8949732534037385,JUROS_REMUNERATORIOS_POR_ATRASO,Informações adicionais sobre encargos.,0.7945348234863816
91e9bf3e-8348-4bc0-bdca-ddc5c15d14e0,91e9bf3e-8348-4bc0-bdca-ddc5c15d14e0,305.302.331-52,63d929c5-2a09-479e-806c-8cd073a029ab,Instituição Financeira 05,NA,Crédito Pessoal Consignado,EMPRESTIMOS,CREDITO_PESSOAL_COM_CONSIGNACAO,2021-05-17,NA,34964.27,BRL,2025-01-15,MENSAL,Periodicidade Mensal,2021-06-16,0.008803493039350574,SAC,NA,00.017.498/7700-72,EFETIVA,SIMPLES,AA,21/252,PRE_FIXADO,0.3815865498807929,NA,Informações adicionais,Renovação de cadastro,CADASTRO,UNICA,MINIMO,65.33,0.8811234414494316,JUROS_REMUNERATORIOS_POR_ATRASO,Informações adicionais sobre encargos.,0.5035088989748258
ef24436b-744f-4806-b198-024673a07caf,ef24436b-744f-4806-b198-024673a07caf,483.649.713-76,e7fc1280-4dd3-4977-bc24-c08ffea8baf5,Instituição Financeira 06,NA,Crédito Pessoal Consignado,EMPRESTIMOS,CREDITO_PESSOAL_COM_CONSIGNACAO,2021-01-29,NA,12166.39,BRL,2023-03-27,MENSAL,Periodicidade Mensal,2021-02-28,0.4521624486295799,SAC,NA,00.053.287/2180-55,EFETIVA,SIMPLES,AA,21/252,PRE_FIXADO,0.38956190536541024,NA,Informações adicionais,Renovação de cadastro,CADASTRO,UNICA,MINIMO,77.18,0.3009085554153317,JUROS_REMUNERATORIOS_POR_ATRASO,Informações adicionais sobre encargos.,0.7295491933869651
3119cdee-d64e-4571-9791-c799dcd1d4b4,3119cdee-d64e-4571-9791-c799dcd1d4b4,237.466.821-45,f4851ca0-7163-4d71-97a7-df1e999c047f,Instituição Financeira 07,NA,Crédito Pessoal Consignado,EMPRESTIMOS,CREDITO_PESSOAL_COM_CONSIGNACAO,2021-08-23,NA,38183.1,BRL,2024-02-21,MENSAL,Periodicidade Mensal,2021-09-22,0.5747409931457068,SAC,NA,00.026.814/6240-28,EFETIVA,SIMPLES,AA,21/252,PRE_FIXADO,0.7118930300994517,NA,Informações adicionais,Renovação de cadastro,CADASTRO,UNICA,MINIMO,33.96,0.8408850674850059,JUROS_REMUNERATORIOS_POR_ATRASO,Informações adicionais sobre encargos.,0.9445314946188104
8cd1be1f-25c1-406c-b6e6-cbca90c8210a,8cd1be1f-25c1-406c-b6e6-cbca90c8210a,823.529.661-63,f4851ca0-7163-4d71-97a7-df1e999c047f,Instituição Financeira 07,NA,Crédito Pessoal Consignado,EMPRESTIMOS,CREDITO_PESSOAL_COM_CONSIGNACAO,2021-08-22,NA,23055,BRL,2022-12-20,MENSAL,Periodicidade Mensal,2021-09-21,0.418420136830455,SAC,NA,00.026.814/6240-28,EFETIVA,SIMPLES,AA,21/252,PRE_FIXADO,0.5893202639661761,NA,Informações adicionais,Renovação de cadastro,CADASTRO,UNICA,MINIMO,76.39,0.2662627771740995,JUROS_REMUNERATORIOS_POR_ATRASO,Informações adicionais sobre encargos.,0.8210950293068715
08a3418d-9f3d-46a6-9cba-a7ce9655e538,08a3418d-9f3d-46a6-9cba-a7ce9655e538,360.426.723-31,ac2ab4c1-dc48-4958-b964-e46938817aaa,Instituição Financeira 10,NA,Crédito Pessoal Consignado,EMPRESTIMOS,CREDITO_PESSOAL_COM_CONSIGNACAO,2021-01-26,NA,11580.53,BRL,2023-08-24,MENSAL,Periodicidade Mensal,2021-02-25,0.8350247156092301,SAC,NA,00.009.467/9711-21,EFETIVA,SIMPLES,AA,21/252,PRE_FIXADO,0.07629630543291821,NA,Informações adicionais,Renovação de cadastro,CADASTRO,UNICA,MINIMO,31.01,0.4402781942079186,JUROS_REMUNERATORIOS_POR_ATRASO,Informações adicionais sobre encargos.,0.5576666239262709
28c57c89-2e7a-4835-a5a2-611f6e0e88a5,28c57c89-2e7a-4835-a5a2-611f6e0e88a5,303.826.414-98,3fda1ef5-4b72-4557-bcbf-296780ba2c1f,Instituição Financeira 01,NA,Crédito Pessoal Consignado,EMPRESTIMOS,CREDITO_PESSOAL_COM_CONSIGNACAO,2021-03-10,NA,28812.34,BRL,2023-01-08,MENSAL,Periodicidade Mensal,2021-04-09,0.8834822053025619,SAC,NA,00.063.281/5749-36,EFETIVA,SIMPLES,AA,21/252,PRE_FIXADO,0.9833050230307265,NA,Informações adicionais,Renovação de cadastro,CADASTRO,UNICA,MINIMO,48.98,0.4423651651313645,JUROS_REMUNERATORIOS_POR_ATRASO,Informações adicionais sobre encargos.,0.9758082576577909
d97bd731-2165-4ab3-8b24-73d859403eeb,d97bd731-2165-4ab3-8b24-73d859403eeb,339.439.112-25,63d929c5-2a09-479e-806c-8cd073a029ab,Instituição Financeira 05,NA,Crédito Pessoal Consignado,EMPRESTIMOS,CREDITO_PESSOAL_COM_CONSIGNACAO,2021-09-11,NA,44150.22,BRL,2024-09-09,MENSAL,Periodicidade Mensal,2021-10-10,0.1431216771308157,SAC,NA,00.017.498/7700-72,EFETIVA,SIMPLES,AA,21/252,PRE_FIXADO,0.39984543269405015,NA,Informações adicionais,Renovação de cadastro,CADASTRO,UNICA,MINIMO,50.07,0.13330951081504927,JUROS_REMUNERATORIOS_POR_ATRASO,Informações adicionais sobre encargos.,0.6280240994009005
69bdb013-3178-4776-8b16-31cdb0d6cb1a,69bdb013-3178-4776-8b16-31cdb0d6cb1a,755.207.023-24,ac2ab4c1-dc48-4958-b964-e46938817aaa,Instituição Financeira 10,NA,Crédito Pessoal Consignado,EMPRESTIMOS,CREDITO_PESSOAL_COM_CONSIGNACAO,2021-06-28,NA,33094.08,BRL,2024-07-26,MENSAL,Periodicidade Mensal,2021-07-27,0.0702201671493039,SAC,NA,00.009.467/9711-21,EFETIVA,SIMPLES,AA,21/252,PRE_FIXADO,0.9876534337566965,NA,Informações adicionais,Renovação de cadastro,CADASTRO,UNICA,MINIMO,81.97,0.5493018185558836,JUROS_REMUNERATORIOS_POR_ATRASO,Informações adicionais sobre encargos.,0.10271421434255079
72e755b7-0cb1-4ac9-b1a7-86601fefcb89,72e755b7-0cb1-4ac9-b1a7-86601fefcb89,831.933.600-63,ac2ab4c1-dc48-4958-b964-e46938817aaa,Instituição Financeira 10,NA,Crédito Pessoal Consignado,EMPRESTIMOS,CREDITO_PESSOAL_COM_CONSIGNACAO,2021-05-23,NA,10051.34,BRL,2023-02-21,MENSAL,Periodicidade Mensal,2021-06-22,0.4050695728505924,SAC,NA,00.009.467/9711-21,EFETIVA,SIMPLES,AA,21/252,PRE_FIXADO,0.4612191999130584,NA,Informações adicionais,Renovação de cadastro,CADASTRO,UNICA,MINIMO,98.14,0.7085358166376292,JUROS_REMUNERATORIOS_POR_ATRASO,Informações adicionais sobre encargos.,0.32780362559524145
b4061c2a-e382-4d06-afd7-b2868e1d6210,b4061c2a-e382-4d06-afd7-b2868e1d6210,179.214.757-55,459b64e6-be78-4777-8b0b-f3b14e61ef31,Instituição Financeira 02,NA,Crédito Pessoal Consignado,EMPRESTIMOS,CREDITO_PESSOAL_COM_CONSIGNACAO,2021-02-06,NA,11638.73,BRL,2022-03-04,MENSAL,Periodicidade Mensal,2021-03-05,0.39400569723542866,SAC,NA,00.055.102/2980-34,EFETIVA,SIMPLES,AA,21/252,PRE_FIXADO,0.7479624533355469,NA,Informações adicionais,Renovação de cadastro,CADASTRO,UNICA,MINIMO,16.84,0.36230573584502745,JUROS_REMUNERATORIOS_POR_ATRASO,Informações adicionais sobre encargos.,0.2710936299147597
fee9ea24-8950-4c83-9ee3-61dddb8cbebf,fee9ea24-8950-4c83-9ee3-61dddb8cbebf,478.312.875-14,d3d2b0d5-903a-4f9f-b793-c139490d5ca7,Instituição Financeira 09,NA,Crédito Pessoal Consignado,EMPRESTIMOS,CREDITO_PESSOAL_COM_CONSIGNACAO,2021-01-20,NA,31157.12,BRL,2023-07-18,MENSAL,Periodicidade Mensal,2021-02-19,0.8068706911256023,SAC,NA,00.009.921/6370-51,EFETIVA,SIMPLES,AA,21/252,PRE_FIXADO,0.9613395631071895,NA,Informações adicionais,Renovação de cadastro,CADASTRO,UNICA,MINIMO,49.31,0.37242660939085104,JUROS_REMUNERATORIOS_POR_ATRASO,Informações adicionais sobre encargos.,0.632522286050075
3a50a131-ac7f-4528-9827-f08a87ec5d19,3a50a131-ac7f-4528-9827-f08a87ec5d19,180.590.513-65,d3d2b0d5-903a-4f9f-b793-c139490d5ca7,Instituição Financeira 09,NA,Crédito Pessoal Consignado,EMPRESTIMOS,CREDITO_PESSOAL_COM_CONSIGNACAO,2021-06-04,NA,33848.62,BRL,2023-10-02,MENSAL,Periodicidade Mensal,2021-07-03,0.5504946780752848,SAC,NA,00.009.921/6370-51,EFETIVA,SIMPLES,AA,21/252,PRE_FIXADO,0.6415382253316968,NA,Informações adicionais,Renovação de cadastro,CADASTRO,UNICA,MINIMO,17.63,0.8853390727235546,JUROS_REMUNERATORIOS_POR_ATRASO,Informações adicionais sobre encargos.,0.5639576138919473
07e34ffb-a764-4940-bd20-836f3eb2d58b,07e34ffb-a764-4940-bd20-836f3eb2d58b,361.153.973-60,63d929c5-2a09-479e-806c-8cd073a029ab,Instituição Financeira 05,NA,Crédito Pessoal Consignado,EMPRESTIMOS,CREDITO_PESSOAL_COM_CONSIGNACAO,2021-04-13,NA,12628.52,BRL,2022-04-11,MENSAL,Periodicidade Mensal,2021-05-12,0.10131018226243738,SAC,NA,00.017.498/7700-72,EFETIVA,SIMPLES,AA,21/252,PRE_FIXADO,0.6009665210241844,NA,Informações adicionais,Renovação de cadastro,CADASTRO,UNICA,MINIMO,42.46,0.7068273155323586,JUROS_REMUNERATORIOS_POR_ATRASO,Informações adicionais sobre encargos.,0.33902317705017637
2fee4e4c-d7c3-472a-b1e5-8fe11841d8df,2fee4e4c-d7c3-472a-b1e5-8fe11841d8df,527.265.611-76,f4851ca0-7163-4d71-97a7-df1e999c047f,Instituição Financeira 07,NA,Crédito Pessoal Consignado,EMPRESTIMOS,CREDITO_PESSOAL_COM_CONSIGNACAO,2021-11-11,NA,48136.42,BRL,2024-05-09,MENSAL,Periodicidade Mensal,2021-12-10,0.7954305874637826,SAC,NA,00.026.814/6240-28,EFETIVA,SIMPLES,AA,21/252,PRE_FIXADO,0.6726333589799838,NA,Informações adicionais,Renovação de cadastro,CADASTRO,UNICA,MINIMO,56.08,0.056290527886642794,JUROS_REMUNERATORIOS_POR_ATRASO,Informações adicionais sobre encargos.,0.30925140493214154
1bc13792-e7a5-44d7-8c54-9508ab1d3d13,1bc13792-e7a5-44d7-8c54-9508ab1d3d13,888.939.067-50,f4851ca0-7163-4d71-97a7-df1e999c047f,Instituição Financeira 07,NA,Crédito Pessoal Consignado,EMPRESTIMOS,CREDITO_PESSOAL_COM_CONSIGNACAO,2021-06-22,NA,12879.37,BRL,2025-05-20,MENSAL,Periodicidade Mensal,2021-07-21,0.5960668569824981,SAC,NA,00.026.814/6240-28,EFETIVA,SIMPLES,AA,21/252,PRE_FIXADO,0.29097163281631455,NA,Informações adicionais,Renovação de cadastro,CADASTRO,UNICA,MINIMO,86.37,0.334881634929485,JUROS_REMUNERATORIOS_POR_ATRASO,Informações adicionais sobre encargos.,0.6058124389625843
2955c577-0072-4d91-843a-3e514273f0a2,2955c577-0072-4d91-843a-3e514273f0a2,351.189.116-10,459b64e6-be78-4777-8b0b-f3b14e61ef31,Instituição Financeira 02,NA,Crédito Pessoal Consignado,EMPRESTIMOS,CREDITO_PESSOAL_COM_CONSIGNACAO,2021-09-09,NA,42179.61,BRL,2023-07-07,MENSAL,Periodicidade Mensal,2021-10-08,0.6310999576268084,SAC,NA,00.055.102/2980-34,EFETIVA,SIMPLES,AA,21/252,PRE_FIXADO,0.4012655069922235,NA,Informações adicionais,Renovação de cadastro,CADASTRO,UNICA,MINIMO,39.77,0.6432605564241205,JUROS_REMUNERATORIOS_POR_ATRASO,Informações adicionais sobre encargos.,0.36333222589858427
b32d6252-522d-4ed7-a1db-1040920bd266,b32d6252-522d-4ed7-a1db-1040920bd266,677.081.894-41,3fda1ef5-4b72-4557-bcbf-296780ba2c1f,Instituição Financeira 01,NA,Crédito Pessoal Consignado,EMPRESTIMOS,CREDITO_PESSOAL_COM_CONSIGNACAO,2021-03-07,NA,40560.92,BRL,2022-09-05,MENSAL,Periodicidade Mensal,2021-04-06,0.9266458133383562,SAC,NA,00.063.281/5749-36,EFETIVA,SIMPLES,AA,21/252,PRE_FIXADO,0.3206040247980637,NA,Informações adicionais,Renovação de cadastro,CADASTRO,UNICA,MINIMO,46.64,0.5001643468008026,JUROS_REMUNERATORIOS_POR_ATRASO,Informações adicionais sobre encargos.,0.12584743937945797
523c49b1-1625-4bcf-a9fb-c7a1094a78df,523c49b1-1625-4bcf-a9fb-c7a1094a78df,944.604.350-73,63d929c5-2a09-479e-806c-8cd073a029ab,Instituição Financeira 05,NA,Crédito Pessoal Consignado,EMPRESTIMOS,CREDITO_PESSOAL_COM_CONSIGNACAO,2021-03-12,NA,43702.14,BRL,2024-09-10,MENSAL,Periodicidade Mensal,2021-04-11,0.894641354773295,SAC,NA,00.017.498/7700-72,EFETIVA,SIMPLES,AA,21/252,PRE_FIXADO,0.28739052784813257,NA,Informações adicionais,Renovação de cadastro,CADASTRO,UNICA,MINIMO,88.17,0.31985103763663747,JUROS_REMUNERATORIOS_POR_ATRASO,Informações adicionais sobre encargos.,0.10077639354996681
dad67aa1-96c6-4c8e-953c-1734b417bdd7,dad67aa1-96c6-4c8e-953c-1734b417bdd7,327.202.078-60,3506654e-b794-4818-b2b1-12f2efb03d39,Instituição Financeira 08,NA,Crédito Pessoal Consignado,EMPRESTIMOS,CREDITO_PESSOAL_COM_CONSIGNACAO,2021-10-01,NA,33025.34,BRL,2023-06-29,MENSAL,Periodicidade Mensal,2021-10-30,0.8071481427835294,SAC,NA,00.053.976/0537-93,EFETIVA,SIMPLES,AA,21/252,PRE_FIXADO,0.003954692276197269,NA,Informações adicionais,Renovação de cadastro,CADASTRO,UNICA,MINIMO,63.27,0.5296766942453672,JUROS_REMUNERATORIOS_POR_ATRASO,Informações adicionais sobre encargos.,0.7256280925938849
dbbc853b-0808-41e7-93e6-57f456dda7a7,dbbc853b-0808-41e7-93e6-57f456dda7a7,694.100.078-30,63d929c5-2a09-479e-806c-8cd073a029ab,Instituição Financeira 05,NA,Crédito Pessoal Consignado,EMPRESTIMOS,CREDITO_PESSOAL_COM_CONSIGNACAO,2021-03-18,NA,32521.24,BRL,2025-12-16,MENSAL,Periodicidade Mensal,2021-04-17,0.8640852658151346,SAC,NA,00.017.498/7700-72,EFETIVA,SIMPLES,AA,21/252,PRE_FIXADO,0.9972947474324063,NA,Informações adicionais,Renovação de cadastro,CADASTRO,UNICA,MINIMO,65.54,0.3636165879189164,JUROS_REMUNERATORIOS_POR_ATRASO,Informações adicionais sobre encargos.,0.39015753200001657
127b5235-ea88-4a9b-b31c-f77a4820f32d,127b5235-ea88-4a9b-b31c-f77a4820f32d,238.919.397-23,3fda1ef5-4b72-4557-bcbf-296780ba2c1f,Instituição Financeira 01,NA,Crédito Pessoal Consignado,EMPRESTIMOS,CREDITO_PESSOAL_COM_CONSIGNACAO,2021-08-07,NA,39277.98,BRL,2024-10-05,MENSAL,Periodicidade Mensal,2021-09-06,0.7437700330315444,SAC,NA,00.063.281/5749-36,EFETIVA,SIMPLES,AA,21/252,PRE_FIXADO,0.23725929564488224,NA,Informações adicionais,Renovação de cadastro,CADASTRO,UNICA,MINIMO,54.94,0.6112568582093441,JUROS_REMUNERATORIOS_POR_ATRASO,Informações adicionais sobre encargos.,0.8756258446649812
3178c601-1a3f-405a-9879-0fbeeb430df7,3178c601-1a3f-405a-9879-0fbeeb430df7,230.995.142-48,e7fc1280-4dd3-4977-bc24-c08ffea8baf5,Instituição Financeira 06,NA,Crédito Pessoal Consignado,EMPRESTIMOS,CREDITO_PESSOAL_COM_CONSIGNACAO,2021-05-16,NA,46906.15,BRL,2026-05-14,MENSAL,Periodicidade Mensal,2021-06-15,0.8445746583126621,SAC,NA,00.053.287/2180-55,EFETIVA,SIMPLES,AA,21/252,PRE_FIXADO,0.5036648162444388,NA,Informações adicionais,Renovação de cadastro,CADASTRO,UNICA,MINIMO,34.96,0.5981445675760171,JUROS_REMUNERATORIOS_POR_ATRASO,Informações adicionais sobre encargos.,0.5698191370720123
ddb0b4fa-1a90-4bc6-8292-2cd765e5360b,ddb0b4fa-1a90-4bc6-8292-2cd765e5360b,223.124.654-34,63d929c5-2a09-479e-806c-8cd073a029ab,Instituição Financeira 05,NA,Crédito Pessoal Consignado,EMPRESTIMOS,CREDITO_PESSOAL_COM_CONSIGNACAO,2021-07-14,NA,10348.46,BRL,2024-01-12,MENSAL,Periodicidade Mensal,2021-08-13,0.9002893619246171,SAC,NA,00.017.498/7700-72,EFETIVA,SIMPLES,AA,21/252,PRE_FIXADO,0.7220541670018175,NA,Informações adicionais,Renovação de cadastro,CADASTRO,UNICA,MINIMO,24.24,0.5969473254313169,JUROS_REMUNERATORIOS_POR_ATRASO,Informações adicionais sobre encargos.,0.9309194435425365
6539601c-23b2-4999-97a8-2b3eaf3d75a2,6539601c-23b2-4999-97a8-2b3eaf3d75a2,148.277.317-99,f4851ca0-7163-4d71-97a7-df1e999c047f,Instituição Financeira 07,NA,Crédito Pessoal Consignado,EMPRESTIMOS,CREDITO_PESSOAL_COM_CONSIGNACAO,2021-04-29,NA,32784.35,BRL,2025-03-27,MENSAL,Periodicidade Mensal,2021-05-28,0.029011181624781557,SAC,NA,00.026.814/6240-28,EFETIVA,SIMPLES,AA,21/252,PRE_FIXADO,0.789988918463403,NA,Informações adicionais,Renovação de cadastro,CADASTRO,UNICA,MINIMO,58.53,0.6809865164916764,JUROS_REMUNERATORIOS_POR_ATRASO,Informações adicionais sobre encargos.,0.49188426485493664
aaa66d22-d4b1-4d7b-a1fc-39b20d9ef411,aaa66d22-d4b1-4d7b-a1fc-39b20d9ef411,995.304.934-57,ac2ab4c1-dc48-4958-b964-e46938817aaa,Instituição Financeira 10,NA,Crédito Pessoal Consignado,EMPRESTIMOS,CREDITO_PESSOAL_COM_CONSIGNACAO,2021-01-11,NA,11902.21,BRL,2022-02-09,MENSAL,Periodicidade Mensal,2021-02-10,0.6217384087821718,SAC,NA,00.009.467/9711-21,EFETIVA,SIMPLES,AA,21/252,PRE_FIXADO,0.4119294855969813,NA,Informações adicionais,Renovação de cadastro,CADASTRO,UNICA,MINIMO,51.44,0.899595386026566,JUROS_REMUNERATORIOS_POR_ATRASO,Informações adicionais sobre encargos.,0.3812563445546491
ab9811bd-f377-4dad-a5a9-2d2be0379e90,ab9811bd-f377-4dad-a5a9-2d2be0379e90,894.166.285-10,e7fc1280-4dd3-4977-bc24-c08ffea8baf5,Instituição Financeira 06,NA,Crédito Pessoal Consignado,EMPRESTIMOS,CREDITO_PESSOAL_COM_CONSIGNACAO,2021-03-04,NA,17566.25,BRL,2025-08-02,MENSAL,Periodicidade Mensal,2021-04-03,0.9707987189564691,SAC,NA,00.053.287/2180-55,EFETIVA,SIMPLES,AA,21/252,PRE_FIXADO,0.9507959166329962,NA,Informações adicionais,Renovação de cadastro,CADASTRO,UNICA,MINIMO,42.2,0.7337470214084056,JUROS_REMUNERATORIOS_POR_ATRASO,Informações adicionais sobre encargos.,0.6056894410126614
fb06b8f2-dc77-4d21-bc76-aaa945aae28d,fb06b8f2-dc77-4d21-bc76-aaa945aae28d,776.518.722-32,63d929c5-2a09-479e-806c-8cd073a029ab,Instituição Financeira 05,NA,Crédito Pessoal Consignado,EMPRESTIMOS,CREDITO_PESSOAL_COM_CONSIGNACAO,2021-01-25,NA,15521.56,BRL,2025-04-23,MENSAL,Periodicidade Mensal,2021-02-24,0.9599432979848834,SAC,NA,00.017.498/7700-72,EFETIVA,SIMPLES,AA,21/252,PRE_FIXADO,0.7930016656938699,NA,Informações adicionais,Renovação de cadastro,CADASTRO,UNICA,MINIMO,13.85,0.3027158562471779,JUROS_REMUNERATORIOS_POR_ATRASO,Informações adicionais sobre encargos.,0.7749615507899681
fc9bef14-b027-4f6b-9b90-9a0ee6de15cf,fc9bef14-b027-4f6b-9b90-9a0ee6de15cf,502.762.171-76,459b64e6-be78-4777-8b0b-f3b14e61ef31,Instituição Financeira 02,NA,Crédito Pessoal Consignado,EMPRESTIMOS,CREDITO_PESSOAL_COM_CONSIGNACAO,2021-08-19,NA,13495.1,BRL,2022-12-17,MENSAL,Periodicidade Mensal,2021-09-18,0.13833435613099088,SAC,NA,00.055.102/2980-34,EFETIVA,SIMPLES,AA,21/252,PRE_FIXADO,0.8410595517929542,NA,Informações adicionais,Renovação de cadastro,CADASTRO,UNICA,MINIMO,42.7,0.5974667241753968,JUROS_REMUNERATORIOS_POR_ATRASO,Informações adicionais sobre encargos.,0.9878550841523495
4d7db14d-cd3b-46be-820a-c4b6e0d42025,4d7db14d-cd3b-46be-820a-c4b6e0d42025,315.132.677-23,459b64e6-be78-4777-8b0b-f3b14e61ef31,Instituição Financeira 02,NA,Crédito Pessoal Consignado,EMPRESTIMOS,CREDITO_PESSOAL_COM_CONSIGNACAO,2021-03-11,NA,33341.31,BRL,2023-10-09,MENSAL,Periodicidade Mensal,2021-04-10,0.2115051941782473,SAC,NA,00.055.102/2980-34,EFETIVA,SIMPLES,AA,21/252,PRE_FIXADO,0.18278021251467425,NA,Informações adicionais,Renovação de cadastro,CADASTRO,UNICA,MINIMO,94.17,0.8689646722324931,JUROS_REMUNERATORIOS_POR_ATRASO,Informações adicionais sobre encargos.,0.7529379046851081
ae48478d-33dc-4043-a4de-50b19c78e94d,ae48478d-33dc-4043-a4de-50b19c78e94d,818.277.824-47,f4851ca0-7163-4d71-97a7-df1e999c047f,Instituição Financeira 07,NA,Crédito Pessoal Consignado,EMPRESTIMOS,CREDITO_PESSOAL_COM_CONSIGNACAO,2021-03-19,NA,12116.69,BRL,2025-06-17,MENSAL,Periodicidade Mensal,2021-04-18,0.35996039268524016,SAC,NA,00.026.814/6240-28,EFETIVA,SIMPLES,AA,21/252,PRE_FIXADO,0.8119211934819912,NA,Informações adicionais,Renovação de cadastro,CADASTRO,UNICA,MINIMO,94.84,0.44431654215278993,JUROS_REMUNERATORIOS_POR_ATRASO,Informações adicionais sobre encargos.,0.2334519293341708
0a39c7e2-0482-48e3-a478-42531ccb43b5,0a39c7e2-0482-48e3-a478-42531ccb43b5,795.630.184-26,e7fc1280-4dd3-4977-bc24-c08ffea8baf5,Instituição Financeira 06,NA,Crédito Pessoal Consignado,EMPRESTIMOS,CREDITO_PESSOAL_COM_CONSIGNACAO,2021-01-10,NA,34812.59,BRL,2025-04-08,MENSAL,Periodicidade Mensal,2021-02-09,0.283463063277007,SAC,NA,00.053.287/2180-55,EFETIVA,SIMPLES,AA,21/252,PRE_FIXADO,0.5815531764782409,NA,Informações adicionais,Renovação de cadastro,CADASTRO,UNICA,MINIMO,60.33,0.3915491596302141,JUROS_REMUNERATORIOS_POR_ATRASO,Informações adicionais sobre encargos.,0.5456864195355298
95beaa78-4397-460e-a684-dc1c08a5129b,95beaa78-4397-460e-a684-dc1c08a5129b,958.191.924-22,63d929c5-2a09-479e-806c-8cd073a029ab,Instituição Financeira 05,NA,Crédito Pessoal Consignado,EMPRESTIMOS,CREDITO_PESSOAL_COM_CONSIGNACAO,2021-05-14,NA,34468.36,BRL,2024-09-12,MENSAL,Periodicidade Mensal,2021-06-13,0.6236320082029669,SAC,NA,00.017.498/7700-72,EFETIVA,SIMPLES,AA,21/252,PRE_FIXADO,0.3113929389688994,NA,Informações adicionais,Renovação de cadastro,CADASTRO,UNICA,MINIMO,39.51,0.13880170120998447,JUROS_REMUNERATORIOS_POR_ATRASO,Informações adicionais sobre encargos.,0.32760740246325315
3534490c-4d9a-4189-86ed-b166040aadd0,3534490c-4d9a-4189-86ed-b166040aadd0,545.301.573-55,3fda1ef5-4b72-4557-bcbf-296780ba2c1f,Instituição Financeira 01,NA,Crédito Pessoal Consignado,EMPRESTIMOS,CREDITO_PESSOAL_COM_CONSIGNACAO,2021-03-11,NA,43279.01,BRL,2023-10-09,MENSAL,Periodicidade Mensal,2021-04-10,0.1384227869947081,SAC,NA,00.063.281/5749-36,EFETIVA,SIMPLES,AA,21/252,PRE_FIXADO,0.454195441601136,NA,Informações adicionais,Renovação de cadastro,CADASTRO,UNICA,MINIMO,67.24,0.544029513518083,JUROS_REMUNERATORIOS_POR_ATRASO,Informações adicionais sobre encargos.,0.18663979312760692
2875ae9d-0bda-4983-b5c6-0e35feb0a7a6,2875ae9d-0bda-4983-b5c6-0e35feb0a7a6,648.262.271-95,459b64e6-be78-4777-8b0b-f3b14e61ef31,Instituição Financeira 02,NA,Crédito Pessoal Consignado,EMPRESTIMOS,CREDITO_PESSOAL_COM_CONSIGNACAO,2021-03-16,NA,25098.47,BRL,2023-03-14,MENSAL,Periodicidade Mensal,2021-04-15,0.8411274481047375,SAC,NA,00.055.102/2980-34,EFETIVA,SIMPLES,AA,21/252,PRE_FIXADO,0.5007151625395383,NA,Informações adicionais,Renovação de cadastro,CADASTRO,UNICA,MINIMO,84.48,0.40936985565837425,JUROS_REMUNERATORIOS_POR_ATRASO,Informações adicionais sobre encargos.,0.6611003978503394
bc92b30d-d2f7-49bc-8a12-36e4ecc68940,bc92b30d-d2f7-49bc-8a12-36e4ecc68940,607.812.792-62,e7fc1280-4dd3-4977-bc24-c08ffea8baf5,Instituição Financeira 06,NA,Crédito Pessoal Consignado,EMPRESTIMOS,CREDITO_PESSOAL_COM_CONSIGNACAO,2021-05-21,NA,35576.5,BRL,2024-12-19,MENSAL,Periodicidade Mensal,2021-06-20,0.3715724130935143,SAC,NA,00.053.287/2180-55,EFETIVA,SIMPLES,AA,21/252,PRE_FIXADO,0.3153618183353144,NA,Informações adicionais,Renovação de cadastro,CADASTRO,UNICA,MINIMO,25.57,0.43466830274622237,JUROS_REMUNERATORIOS_POR_ATRASO,Informações adicionais sobre encargos.,0.046150845985782896
57cc5f84-6bc9-495f-bb68-fdd80815ec26,57cc5f84-6bc9-495f-bb68-fdd80815ec26,147.591.832-30,d3d2b0d5-903a-4f9f-b793-c139490d5ca7,Instituição Financeira 09,NA,Crédito Pessoal Consignado,EMPRESTIMOS,CREDITO_PESSOAL_COM_CONSIGNACAO,2021-11-19,NA,41271.76,BRL,2025-04-17,MENSAL,Periodicidade Mensal,2021-12-18,0.7754784308234846,SAC,NA,00.009.921/6370-51,EFETIVA,SIMPLES,AA,21/252,PRE_FIXADO,0.737191402409638,NA,Informações adicionais,Renovação de cadastro,CADASTRO,UNICA,MINIMO,7.99,0.695735706346787,JUROS_REMUNERATORIOS_POR_ATRASO,Informações adicionais sobre encargos.,0.8508698315700953
