personalId,organizationId,customerId,brandName,civilName,socialName,birthDate,maritalStatusCode,sex,companyCnpj/0,documents/cpfNumber,documents/passportNumber,documents/passportCountry,documents/passportExpirationDate,documents/passportIssueDate,otherDocuments,hasBrazilianNationality,nationality/0/otherNationalitiesInfo,filiation,contacts/postalAddresses/0/isMain,contacts/postalAddresses/0/address,contacts/postalAddresses/0/districtName,contacts/postalAddresses/0/townName,contacts/postalAddresses/0/ibgeTownCode,contacts/postalAddresses/0/countrySubDivision,contacts/postalAddresses/0/postCode,contacts/postalAddresses/0/country,contacts/postalAddresses/0/countryCode,contacts/phones/0/isMain,contacts/phones/0/type,contacts/phones/0/additionalInfo,contacts/phones/0/countryCallingCode,contacts/phones/0/areaCode,contacts/phones/0/number,contacts/phones/0/phoneExtension,contacts/emails/0/isMain,contacts/emails/0/email
4478301e-21e7-49e5-b4a8-bb033f41dab1,63d929c5-2a09-479e-806c-8cd073a029ab,362.529.240-03,Instituição Financeira 05,Cliente 00201,Cliente 00201,2021-05-21,SEPARADO_JUDICIALMENTE,MASCULINO,00.017.498/7700-72,362.529.240-03,NA,NA,NA,NA,,false,BRA,,true,Rua 00201,Centro,Borá,3507209,SP,28266,Brasil,BRA,true,FIXO,Telefone para recados.,55,30,25266162,,true,zrvrok9Gthzc@ZoJVg.com
68261048-09eb-4547-bfe5-eac4195aee9b,d3d2b0d5-903a-4f9f-b793-c139490d5ca7,793.879.991-03,Instituição Financeira 09,Cliente 00202,Cliente 00202,2021-05-21,UNIAO_ESTAVEL,MASCULINO,00.009.921/6370-51,793.879.991-03,NA,NA,NA,NA,,false,BRA,,true,Rua 00202,Centro,Uru,3555901,SP,12574,Brasil,BRA,true,FIXO,Telefone para recados.,55,15,22359729,,true,nhwjPCMMli4q@b23Kz.com
a991cd22-8bf8-4ec7-8d0f-7830902a4dd9,69665991-da55-4aac-a1f2-32d23daba8fe,927.518.283-33,Instituição Financeira 03,Cliente 00203,Cliente 00203,2021-05-21,VIUVO,FEMININO,00.047.912/7906-49,927.518.283-33,NA,NA,NA,NA,,false,BRA,,true,Rua 00203,Centro,Uru,3555901,SP,45417,Brasil,BRA,true,FIXO,Telefone para recados.,55,16,21869983,,true,NUO0l5uRad7u@B2pTn.com
2a736423-2fab-4cea-ad5f-f8cb980e03d8,f4851ca0-7163-4d71-97a7-df1e999c047f,181.742.477-09,Instituição Financeira 07,Cliente 00204,Cliente 00204,2021-05-21,SOLTEIRO,MASCULINO,00.026.814/6240-28,181.742.477-09,NA,NA,NA,NA,,false,BRA,,true,Rua 00204,Centro,Borá,3507209,SP,46159,Brasil,BRA,true,FIXO,Telefone para recados.,55,18,21450271,,true,QJn3JCxGJ6BP@zgo2r.com
aa79da2e-4cea-4dd2-8ab3-28efc63f0117,63d929c5-2a09-479e-806c-8cd073a029ab,233.845.513-06,Instituição Financeira 05,Cliente 00205,Cliente 00205,2021-05-21,OUTRO,OUTRO,00.017.498/7700-72,233.845.513-06,NA,NA,NA,NA,,false,BRA,,true,Rua 00205,Centro,Porto Vera Cruz,4315073,RS,12761,Brasil,BRA,true,FIXO,Telefone para recados.,55,28,22035713,,true,zCVLtNhDNWxa@D6uDY.com
421d9777-d064-4d39-8549-3f781c3c679d,3fda1ef5-4b72-4557-bcbf-296780ba2c1f,199.647.034-21,Instituição Financeira 01,Cliente 00206,Cliente 00206,2021-05-21,VIUVO,NAO_DISPONIVEL,00.063.281/5749-36,199.647.034-21,NA,NA,NA,NA,,false,BRA,,true,Rua 00206,Centro,São João da Paraúna,5220058,GO,31620,Brasil,BRA,true,FIXO,Telefone para recados.,55,14,28755634,,true,YI4ICDNJpUhS@z9cUO.com
c70fa1e6-06c9-4338-98b6-40d577b5fbf6,3fda1ef5-4b72-4557-bcbf-296780ba2c1f,506.244.470-74,Instituição Financeira 01,Cliente 00207,Cliente 00207,2021-05-21,OUTRO,FEMININO,00.063.281/5749-36,506.244.470-74,NA,NA,NA,NA,,false,BRA,,true,Rua 00207,Centro,Altamira do Paraná,4100459,PR,45874,Brasil,BRA,true,FIXO,Telefone para recados.,55,18,22026619,,true,L3ih3MGNiIeH@FvcmZ.com
784e9f58-5b68-4171-bf3d-a258b6f17553,459b64e6-be78-4777-8b0b-f3b14e61ef31,759.458.206-07,Instituição Financeira 02,Cliente 00208,Cliente 00208,2021-05-21,SOLTEIRO,NAO_DISPONIVEL,00.055.102/2980-34,759.458.206-07,NA,NA,NA,NA,,false,BRA,,true,Rua 00208,Centro,Jardim Olinda,4112603,PR,43058,Brasil,BRA,true,FIXO,Telefone para recados.,55,29,20069896,,true,wJOVGSG19S20@ldi10.com
13430cf1-a1da-4ec4-8173-18a45b89aacb,a81729b5-ec71-4552-b4b1-26931c130154,781.636.757-89,Instituição Financeira 04,Cliente 00209,Cliente 00209,2021-05-21,OUTRO,OUTRO,00.087.205/9506-29,781.636.757-89,NA,NA,NA,NA,,false,BRA,,true,Rua 00209,Centro,Porto Vera Cruz,4315073,RS,32052,Brasil,BRA,true,FIXO,Telefone para recados.,55,14,24795383,,true,A0tX16yXzjle@cJMNP.com
b13e0c00-b561-401a-87f1-c7c922ff4caa,69665991-da55-4aac-a1f2-32d23daba8fe,205.754.599-73,Instituição Financeira 03,Cliente 00210,Cliente 00210,2021-05-21,CASADO,OUTRO,00.047.912/7906-49,205.754.599-73,NA,NA,NA,NA,,false,BRA,,true,Rua 00210,Centro,Cedro do Abaeté,3115607,MG,46875,Brasil,BRA,true,FIXO,Telefone para recados.,55,11,23792301,,true,c5Y5gM5hSoXC@sU0iI.com
95f0af00-aca8-487c-a051-2a25cd94e7f9,3506654e-b794-4818-b2b1-12f2efb03d39,873.074.506-08,Instituição Financeira 08,Cliente 00211,Cliente 00211,2021-05-21,VIUVO,OUTRO,00.053.976/0537-93,873.074.506-08,NA,NA,NA,NA,,false,BRA,,true,Rua 00211,Centro,Uru,3555901,SP,37552,Brasil,BRA,true,FIXO,Telefone para recados.,55,22,27639475,,true,HpCxb4sp9uYY@OsQ9p.com
e91b65dc-b2a1-47ff-8cd5-283f866e6f7b,a81729b5-ec71-4552-b4b1-26931c130154,858.966.616-86,Instituição Financeira 04,Cliente 00212,Cliente 00212,2021-05-21,SOLTEIRO,FEMININO,00.087.205/9506-29,858.966.616-86,NA,NA,NA,NA,,false,BRA,,true,Rua 00212,Centro,Cedro do Abaeté,3115607,MG,36054,Brasil,BRA,true,FIXO,Telefone para recados.,55,28,22447387,,true,Dd0RmrXSaxlN@iP0SK.com
a57dbb02-c657-406c-b354-bbd3f8ebdbf9,459b64e6-be78-4777-8b0b-f3b14e61ef31,920.660.250-28,Instituição Financeira 02,Cliente 00213,Cliente 00213,2021-05-21,UNIAO_ESTAVEL,MASCULINO,00.055.102/2980-34,920.660.250-28,NA,NA,NA,NA,,false,BRA,,true,Rua 00213,Centro,Altamira do Paraná,4100459,PR,44504,Brasil,BRA,true,FIXO,Telefone para recados.,55,20,24925550,,true,T3r7k2Sl014X@mU87g.com
67e71ce0-438c-4b02-92a5-b5899dfc13d7,63d929c5-2a09-479e-806c-8cd073a029ab,409.519.456-29,Instituição Financeira 05,Cliente 00214,Cliente 00214,2021-05-21,CASADO,MASCULINO,00.017.498/7700-72,409.519.456-29,NA,NA,NA,NA,,false,BRA,,true,Rua 00214,Centro,União da Serra,4322350,RS,39584,Brasil,BRA,true,FIXO,Telefone para recados.,55,27,22051049,,true,bWaE2fb23qCI@e6wOa.com
503287da-99ff-4a22-be96-e0dbfac00db4,3fda1ef5-4b72-4557-bcbf-296780ba2c1f,058.052.168-72,Instituição Financeira 01,Cliente 00215,Cliente 00215,2021-05-21,SOLTEIRO,MASCULINO,00.063.281/5749-36,058.052.168-72,NA,NA,NA,NA,,false,BRA,,true,Rua 00215,Centro,Grupiara,3127909,MG,49654,Brasil,BRA,true,FIXO,Telefone para recados.,55,15,22040268,,true,ZXbcsZm8dqy1@ZjodX.com
914095a6-8bd4-4104-bd39-12731ea7a19c,63d929c5-2a09-479e-806c-8cd073a029ab,863.884.269-14,Instituição Financeira 05,Cliente 00216,Cliente 00216,2021-05-21,DIVORCIADO,FEMININO,00.017.498/7700-72,863.884.269-14,NA,NA,NA,NA,,false,BRA,,true,Rua 00216,Centro,Carlos Gomes,4304853,RS,21375,Brasil,BRA,true,FIXO,Telefone para recados.,55,15,25301869,,true,rCf4tKyhy5vH@GMSEK.com
f62fc8d0-dc08-4fbd-8cdc-4ce4d7978d3d,f4851ca0-7163-4d71-97a7-df1e999c047f,833.684.540-99,Instituição Financeira 07,Cliente 00217,Cliente 00217,2021-05-21,DIVORCIADO,FEMININO,00.026.814/6240-28,833.684.540-99,NA,NA,NA,NA,,false,BRA,,true,Rua 00217,Centro,Chapada de Areia,1704600,TO,37996,Brasil,BRA,true,FIXO,Telefone para recados.,55,12,22506870,,true,aoOtHVVeP1Z8@kSQUA.com
1c0a4772-ad86-41c3-85dc-3540f1c6b477,459b64e6-be78-4777-8b0b-f3b14e61ef31,020.365.809-11,Instituição Financeira 02,Cliente 00218,Cliente 00218,2021-05-21,SOLTEIRO,FEMININO,00.055.102/2980-34,020.365.809-11,NA,NA,NA,NA,,false,BRA,,true,Rua 00218,Centro,Carlos Gomes,4304853,RS,22356,Brasil,BRA,true,FIXO,Telefone para recados.,55,13,21150849,,true,WzmVksb1osb7@whBUh.com
6043a84e-c777-4b17-af93-53fb6d5e3e2c,3fda1ef5-4b72-4557-bcbf-296780ba2c1f,242.515.499-46,Instituição Financeira 01,Cliente 00219,Cliente 00219,2021-05-21,SEPARADO_JUDICIALMENTE,MASCULINO,00.063.281/5749-36,242.515.499-46,NA,NA,NA,NA,,false,BRA,,true,Rua 00219,Centro,São João da Paraúna,5220058,GO,18035,Brasil,BRA,true,FIXO,Telefone para recados.,55,20,22323977,,true,KkHweQ9gDIPK@MkUOl.com
9d0e648d-6f7e-469d-8bb7-1a2b4986469e,63d929c5-2a09-479e-806c-8cd073a029ab,853.431.701-97,Instituição Financeira 05,Cliente 00220,Cliente 00220,2021-05-21,SOLTEIRO,OUTRO,00.017.498/7700-72,853.431.701-97,NA,NA,NA,NA,,false,BRA,,true,Rua 00220,Centro,Flora Rica,3515806,SP,48446,Brasil,BRA,true,FIXO,Telefone para recados.,55,21,25399106,,true,couvCYbl9o6L@20Epc.com
f9f3295f-33d8-4d85-b112-2e0cb3229908,3506654e-b794-4818-b2b1-12f2efb03d39,281.518.068-01,Instituição Financeira 08,Cliente 00221,Cliente 00221,2021-05-21,VIUVO,NAO_DISPONIVEL,00.053.976/0537-93,281.518.068-01,NA,NA,NA,NA,,false,BRA,,true,Rua 00221,Centro,Chapada de Areia,1704600,TO,18821,Brasil,BRA,true,FIXO,Telefone para recados.,55,11,24218435,,true,K8KZaYtA4xs9@vmMzw.com
a3f22c36-1d91-40d4-9857-a2c5abd28951,f4851ca0-7163-4d71-97a7-df1e999c047f,661.327.094-28,Instituição Financeira 07,Cliente 00222,Cliente 00222,2021-05-21,OUTRO,NAO_DISPONIVEL,00.026.814/6240-28,661.327.094-28,NA,NA,NA,NA,,false,BRA,,true,Rua 00222,Centro,Carlos Gomes,4304853,RS,44668,Brasil,BRA,true,FIXO,Telefone para recados.,55,18,23245392,,true,cC5jOMDrsnjS@7V9TK.com
92f6c977-26b1-41f0-8a53-b595aef54bc3,e7fc1280-4dd3-4977-bc24-c08ffea8baf5,603.884.694-94,Instituição Financeira 06,Cliente 00223,Cliente 00223,2021-05-21,SEPARADO_JUDICIALMENTE,FEMININO,00.053.287/2180-55,603.884.694-94,NA,NA,NA,NA,,false,BRA,,true,Rua 00223,Centro,Flora Rica,3515806,SP,20947,Brasil,BRA,true,FIXO,Telefone para recados.,55,22,20337281,,true,S1EFDmNrRT6L@EgC6N.com
6e753312-7f48-4a23-8bb0-86e67e3bb805,a81729b5-ec71-4552-b4b1-26931c130154,626.944.009-98,Instituição Financeira 04,Cliente 00224,Cliente 00224,2021-05-21,CASADO,NAO_DISPONIVEL,00.087.205/9506-29,626.944.009-98,NA,NA,NA,NA,,false,BRA,,true,Rua 00224,Centro,Jardim Olinda,4112603,PR,15927,Brasil,BRA,true,FIXO,Telefone para recados.,55,20,28787300,,true,cr3BSlD1ILwb@A6PPo.com
3d035629-1872-4ac4-a334-d95ce64ce693,d3d2b0d5-903a-4f9f-b793-c139490d5ca7,817.684.428-53,Instituição Financeira 09,Cliente 00225,Cliente 00225,2021-05-21,VIUVO,MASCULINO,00.009.921/6370-51,817.684.428-53,NA,NA,NA,NA,,false,BRA,,true,Rua 00225,Centro,Flora Rica,3515806,SP,19681,Brasil,BRA,true,FIXO,Telefone para recados.,55,19,25015100,,true,CqicQ3Ah3tCF@tJ68n.com
c690e07e-a513-4fb4-8671-db71280c8c35,f4851ca0-7163-4d71-97a7-df1e999c047f,827.813.256-54,Instituição Financeira 07,Cliente 00226,Cliente 00226,2021-05-21,VIUVO,MASCULINO,00.026.814/6240-28,827.813.256-54,NA,NA,NA,NA,,false,BRA,,true,Rua 00226,Centro,São João da Paraúna,5220058,GO,23159,Brasil,BRA,true,FIXO,Telefone para recados.,55,13,24790358,,true,g9Bu1j8RJkqu@YPsAu.com
c4aa8a73-7b71-4b38-9a60-71fce459bce1,69665991-da55-4aac-a1f2-32d23daba8fe,876.896.984-78,Instituição Financeira 03,Cliente 00227,Cliente 00227,2021-05-21,CASADO,OUTRO,00.047.912/7906-49,876.896.984-78,NA,NA,NA,NA,,false,BRA,,true,Rua 00227,Centro,Borá,3507209,SP,14512,Brasil,BRA,true,FIXO,Telefone para recados.,55,19,27216867,,true,MlzMpZIyhzcR@IrJF2.com
e707c3e8-3fc8-431e-8744-4af8dbafa4d7,a81729b5-ec71-4552-b4b1-26931c130154,571.596.480-01,Instituição Financeira 04,Cliente 00228,Cliente 00228,2021-05-21,DIVORCIADO,MASCULINO,00.087.205/9506-29,571.596.480-01,NA,NA,NA,NA,,false,BRA,,true,Rua 00228,Centro,Grupiara,3127909,MG,15517,Brasil,BRA,true,FIXO,Telefone para recados.,55,10,25845732,,true,DbiMTpjZMy3F@oYprq.com
70f05a65-ef57-4814-afdf-69a0c66efdc8,63d929c5-2a09-479e-806c-8cd073a029ab,312.738.890-33,Instituição Financeira 05,Cliente 00229,Cliente 00229,2021-05-21,VIUVO,MASCULINO,00.017.498/7700-72,312.738.890-33,NA,NA,NA,NA,,false,BRA,,true,Rua 00229,Centro,Santiago do Sul,4215695,SC,24668,Brasil,BRA,true,FIXO,Telefone para recados.,55,26,23362299,,true,nyu9ua9bQ3EN@nVzxf.com
62267b95-6185-467f-a100-289662432a22,459b64e6-be78-4777-8b0b-f3b14e61ef31,485.718.482-43,Instituição Financeira 02,Cliente 00230,Cliente 00230,2021-05-21,DIVORCIADO,FEMININO,00.055.102/2980-34,485.718.482-43,NA,NA,NA,NA,,false,BRA,,true,Rua 00230,Centro,Altamira do Paraná,4100459,PR,10867,Brasil,BRA,true,FIXO,Telefone para recados.,55,25,23796621,,true,WFLvWLr0InxZ@OWoBi.com
a9a5b8bd-dfcf-408d-91ce-da5616e5d9df,3fda1ef5-4b72-4557-bcbf-296780ba2c1f,302.311.162-07,Instituição Financeira 01,Cliente 00231,Cliente 00231,2021-05-21,DIVORCIADO,NAO_DISPONIVEL,00.063.281/5749-36,302.311.162-07,NA,NA,NA,NA,,false,BRA,,true,Rua 00231,Centro,Miguel Leão,2206308,PI,11056,Brasil,BRA,true,FIXO,Telefone para recados.,55,10,21720604,,true,4hdnk7dip21L@AC13V.com
5aaeea92-e3d1-4824-b4f4-8f080e1a6641,e7fc1280-4dd3-4977-bc24-c08ffea8baf5,854.825.237-29,Instituição Financeira 06,Cliente 00232,Cliente 00232,2021-05-21,SOLTEIRO,OUTRO,00.053.287/2180-55,854.825.237-29,NA,NA,NA,NA,,false,BRA,,true,Rua 00232,Centro,Borá,3507209,SP,44890,Brasil,BRA,true,FIXO,Telefone para recados.,55,26,23814977,,true,9yckuR6K9Xw6@xiKiC.com
2485a8a0-d7d3-4d90-af1b-0db18400af5a,69665991-da55-4aac-a1f2-32d23daba8fe,525.068.150-07,Instituição Financeira 03,Cliente 00233,Cliente 00233,2021-05-21,VIUVO,MASCULINO,00.047.912/7906-49,525.068.150-07,NA,NA,NA,NA,,false,BRA,,true,Rua 00233,Centro,Araguainha,5101209,MT,42645,Brasil,BRA,true,FIXO,Telefone para recados.,55,11,27123306,,true,kWMgtd8VH0Cq@vgi0g.com
a1061ded-9564-4788-b1b4-20a637369d1d,63d929c5-2a09-479e-806c-8cd073a029ab,181.226.473-68,Instituição Financeira 05,Cliente 00234,Cliente 00234,2021-05-21,DIVORCIADO,NAO_DISPONIVEL,00.017.498/7700-72,181.226.473-68,NA,NA,NA,NA,,false,BRA,,true,Rua 00234,Centro,Grupiara,3127909,MG,29500,Brasil,BRA,true,FIXO,Telefone para recados.,55,25,24172730,,true,sG9uIM5BImxD@pSLrY.com
69684b42-0fdb-48b4-bf40-d7d039cd8f1f,3506654e-b794-4818-b2b1-12f2efb03d39,270.180.738-87,Instituição Financeira 08,Cliente 00235,Cliente 00235,2021-05-21,OUTRO,OUTRO,00.053.976/0537-93,270.180.738-87,NA,NA,NA,NA,,false,BRA,,true,Rua 00235,Centro,Chapada de Areia,1704600,TO,36529,Brasil,BRA,true,FIXO,Telefone para recados.,55,19,24039906,,true,x02UKoi4S2YP@R7zrX.com
de6051ce-41fa-4d51-b4d5-27de9b1ee20c,d3d2b0d5-903a-4f9f-b793-c139490d5ca7,112.975.895-01,Instituição Financeira 09,Cliente 00236,Cliente 00236,2021-05-21,CASADO,NAO_DISPONIVEL,00.009.921/6370-51,112.975.895-01,NA,NA,NA,NA,,false,BRA,,true,Rua 00236,Centro,Porto Vera Cruz,4315073,RS,10735,Brasil,BRA,true,FIXO,Telefone para recados.,55,20,22079421,,true,nBDT4j9g97k6@wMn9b.com
bdcea793-b965-4f59-8252-8476aaa067f6,ac2ab4c1-dc48-4958-b964-e46938817aaa,343.644.278-86,Instituição Financeira 10,Cliente 00237,Cliente 00237,2021-05-21,UNIAO_ESTAVEL,FEMININO,00.009.467/9711-21,343.644.278-86,NA,NA,NA,NA,,false,BRA,,true,Rua 00237,Centro,Porto Vera Cruz,4315073,RS,47978,Brasil,BRA,true,FIXO,Telefone para recados.,55,23,25258628,,true,L45EsHVXGlBj@dM7Hz.com
b74d085f-fe6c-47f6-9386-8c4725ca31e8,e7fc1280-4dd3-4977-bc24-c08ffea8baf5,895.494.477-55,Instituição Financeira 06,Cliente 00238,Cliente 00238,2021-05-21,VIUVO,FEMININO,00.053.287/2180-55,895.494.477-55,NA,NA,NA,NA,,false,BRA,,true,Rua 00238,Centro,Miguel Leão,2206308,PI,47160,Brasil,BRA,true,FIXO,Telefone para recados.,55,19,25544485,,true,ygXysA7l2a8v@7rWvk.com
c37be271-8517-403b-9e4c-68f0b47c0442,d3d2b0d5-903a-4f9f-b793-c139490d5ca7,875.543.757-42,Instituição Financeira 09,Cliente 00239,Cliente 00239,2021-05-21,SOLTEIRO,FEMININO,00.009.921/6370-51,875.543.757-42,NA,NA,NA,NA,,false,BRA,,true,Rua 00239,Centro,Grupiara,3127909,MG,15261,Brasil,BRA,true,FIXO,Telefone para recados.,55,12,28825662,,true,sEYflkEomaLW@a4bBC.com
040fde12-da06-465d-ad3d-c474d32f7272,3506654e-b794-4818-b2b1-12f2efb03d39,756.248.980-76,Instituição Financeira 08,Cliente 00240,Cliente 00240,2021-05-21,SEPARADO_JUDICIALMENTE,FEMININO,00.053.976/0537-93,756.248.980-76,NA,NA,NA,NA,,false,BRA,,true,Rua 00240,Centro,Oliveira de Fátima,1715507,TO,47143,Brasil,BRA,true,FIXO,Telefone para recados.,55,16,27021475,,true,0TBIoeaQoPQh@foHy6.com
7b18bc43-fe27-4493-bf49-79d9f0fc5241,459b64e6-be78-4777-8b0b-f3b14e61ef31,332.256.817-65,Instituição Financeira 02,Cliente 00241,Cliente 00241,2021-05-21,UNIAO_ESTAVEL,OUTRO,00.055.102/2980-34,332.256.817-65,NA,NA,NA,NA,,false,BRA,,true,Rua 00241,Centro,Carlos Gomes,4304853,RS,27888,Brasil,BRA,true,FIXO,Telefone para recados.,55,30,24532444,,true,gGZR3hBTDxDt@FE6ql.com
008de739-1fd2-436d-b53a-30827e3a19fc,a81729b5-ec71-4552-b4b1-26931c130154,143.699.586-88,Instituição Financeira 04,Cliente 00242,Cliente 00242,2021-05-21,UNIAO_ESTAVEL,NAO_DISPONIVEL,00.087.205/9506-29,143.699.586-88,NA,NA,NA,NA,,false,BRA,,true,Rua 00242,Centro,Santiago do Sul,4215695,SC,22910,Brasil,BRA,true,FIXO,Telefone para recados.,55,20,21736124,,true,felqr9MFvM7A@H6zoK.com
2ac5c515-080f-43ea-b2d8-ae0b667ca82d,459b64e6-be78-4777-8b0b-f3b14e61ef31,558.869.411-41,Instituição Financeira 02,Cliente 00243,Cliente 00243,2021-05-21,SEPARADO_JUDICIALMENTE,NAO_DISPONIVEL,00.055.102/2980-34,558.869.411-41,NA,NA,NA,NA,,false,BRA,,true,Rua 00243,Centro,Engenho Velho,4306924,RS,48578,Brasil,BRA,true,FIXO,Telefone para recados.,55,21,24020951,,true,FxMDqNCcg3k3@MDdcb.com
aaff9b07-c082-48ff-b503-99c13d6f52cf,63d929c5-2a09-479e-806c-8cd073a029ab,486.773.357-66,Instituição Financeira 05,Cliente 00244,Cliente 00244,2021-05-21,OUTRO,FEMININO,00.017.498/7700-72,486.773.357-66,NA,NA,NA,NA,,false,BRA,,true,Rua 00244,Centro,Cedro do Abaeté,3115607,MG,13894,Brasil,BRA,true,FIXO,Telefone para recados.,55,12,23451635,,true,oOVzIhN0Wg2D@1BG16.com
cd6d0dfe-bc10-4d77-a597-db0c4530e586,e7fc1280-4dd3-4977-bc24-c08ffea8baf5,404.796.009-71,Instituição Financeira 06,Cliente 00245,Cliente 00245,2021-05-21,SEPARADO_JUDICIALMENTE,FEMININO,00.053.287/2180-55,404.796.009-71,NA,NA,NA,NA,,false,BRA,,true,Rua 00245,Centro,Lajeado Grande,4209458,SC,29486,Brasil,BRA,true,FIXO,Telefone para recados.,55,30,21663175,,true,qrwts4DAqW9a@TkO5w.com
7eb90839-b2af-4ea1-835d-cb9e99266326,e7fc1280-4dd3-4977-bc24-c08ffea8baf5,689.260.948-23,Instituição Financeira 06,Cliente 00246,Cliente 00246,2021-05-21,OUTRO,FEMININO,00.053.287/2180-55,689.260.948-23,NA,NA,NA,NA,,false,BRA,,true,Rua 00246,Centro,Araguainha,5101209,MT,28614,Brasil,BRA,true,FIXO,Telefone para recados.,55,29,28767399,,true,cMhISVNlXslU@qQWz1.com
616c00d5-ca26-413a-881d-d22a9d92cb4a,3506654e-b794-4818-b2b1-12f2efb03d39,939.316.884-93,Instituição Financeira 08,Cliente 00247,Cliente 00247,2021-05-21,CASADO,FEMININO,00.053.976/0537-93,939.316.884-93,NA,NA,NA,NA,,false,BRA,,true,Rua 00247,Centro,Nova Castilho,3532868,SP,26785,Brasil,BRA,true,FIXO,Telefone para recados.,55,10,22849309,,true,2twhehLnX0y3@sg0u9.com
0daae0f7-05fa-4d7a-ac5a-4a06eb0a1764,e7fc1280-4dd3-4977-bc24-c08ffea8baf5,247.825.271-33,Instituição Financeira 06,Cliente 00248,Cliente 00248,2021-05-21,UNIAO_ESTAVEL,OUTRO,00.053.287/2180-55,247.825.271-33,NA,NA,NA,NA,,false,BRA,,true,Rua 00248,Centro,União da Serra,4322350,RS,42268,Brasil,BRA,true,FIXO,Telefone para recados.,55,29,20541256,,true,Lmu1rxcDnyUq@SYH6B.com
254c9d61-5698-4bc6-8bdc-d438831ed376,ac2ab4c1-dc48-4958-b964-e46938817aaa,819.247.588-78,Instituição Financeira 10,Cliente 00249,Cliente 00249,2021-05-21,DIVORCIADO,MASCULINO,00.009.467/9711-21,819.247.588-78,NA,NA,NA,NA,,false,BRA,,true,Rua 00249,Centro,Miguel Leão,2206308,PI,32369,Brasil,BRA,true,FIXO,Telefone para recados.,55,28,27337643,,true,qouq7qFQtjH2@QBtqz.com
eff70691-5f2b-44d1-a81a-667a51db3ed1,3506654e-b794-4818-b2b1-12f2efb03d39,846.076.555-20,Instituição Financeira 08,Cliente 00250,Cliente 00250,2021-05-21,CASADO,MASCULINO,00.053.976/0537-93,846.076.555-20,NA,NA,NA,NA,,false,BRA,,true,Rua 00250,Centro,Oliveira de Fátima,1715507,TO,30674,Brasil,BRA,true,FIXO,Telefone para recados.,55,11,28376917,,true,vxKbr59y8dxN@lcjdO.com
a1ef15e0-4fda-41e2-a45b-c960eb3a45bc,459b64e6-be78-4777-8b0b-f3b14e61ef31,494.835.258-17,Instituição Financeira 02,Cliente 00251,Cliente 00251,2021-05-21,OUTRO,OUTRO,00.055.102/2980-34,494.835.258-17,NA,NA,NA,NA,,false,BRA,,true,Rua 00251,Centro,Uru,3555901,SP,35308,Brasil,BRA,true,FIXO,Telefone para recados.,55,20,27139543,,true,40iFIZcAYMXV@FpNYJ.com
75ec38aa-3ca3-4767-9432-200ba4cc91d9,3fda1ef5-4b72-4557-bcbf-296780ba2c1f,193.168.714-93,Instituição Financeira 01,Cliente 00252,Cliente 00252,2021-05-21,UNIAO_ESTAVEL,NAO_DISPONIVEL,00.063.281/5749-36,193.168.714-93,NA,NA,NA,NA,,false,BRA,,true,Rua 00252,Centro,Nova Castilho,3532868,SP,12384,Brasil,BRA,true,FIXO,Telefone para recados.,55,28,22099198,,true,eYmzZbEKOYql@0DhYj.com
903a04e6-24e2-4b5d-be5f-170e97a28fed,f4851ca0-7163-4d71-97a7-df1e999c047f,022.049.496-38,Instituição Financeira 07,Cliente 00253,Cliente 00253,2021-05-21,UNIAO_ESTAVEL,FEMININO,00.026.814/6240-28,022.049.496-38,NA,NA,NA,NA,,false,BRA,,true,Rua 00253,Centro,Cedro do Abaeté,3115607,MG,36088,Brasil,BRA,true,FIXO,Telefone para recados.,55,19,28220738,,true,2tNy9aK8gXTM@GXEDd.com
b4bec10f-0c8d-40c7-8a19-10a8720519ca,d3d2b0d5-903a-4f9f-b793-c139490d5ca7,320.459.828-21,Instituição Financeira 09,Cliente 00254,Cliente 00254,2021-05-21,UNIAO_ESTAVEL,FEMININO,00.009.921/6370-51,320.459.828-21,NA,NA,NA,NA,,false,BRA,,true,Rua 00254,Centro,Lajeado Grande,4209458,SC,25969,Brasil,BRA,true,FIXO,Telefone para recados.,55,24,28947045,,true,dustzPBOUWj4@cneKe.com
5fcfb380-71a0-4b44-907c-b89210ece8bd,459b64e6-be78-4777-8b0b-f3b14e61ef31,512.813.285-34,Instituição Financeira 02,Cliente 00255,Cliente 00255,2021-05-21,VIUVO,MASCULINO,00.055.102/2980-34,512.813.285-34,NA,NA,NA,NA,,false,BRA,,true,Rua 00255,Centro,Nova Castilho,3532868,SP,49213,Brasil,BRA,true,FIXO,Telefone para recados.,55,21,25891399,,true,S9kj4pEm0yDQ@eP5en.com
a9e91d3a-b7a3-48c6-8158-1a76cc3dc641,e7fc1280-4dd3-4977-bc24-c08ffea8baf5,695.981.003-16,Instituição Financeira 06,Cliente 00256,Cliente 00256,2021-05-21,SOLTEIRO,MASCULINO,00.053.287/2180-55,695.981.003-16,NA,NA,NA,NA,,false,BRA,,true,Rua 00256,Centro,Carlos Gomes,4304853,RS,10321,Brasil,BRA,true,FIXO,Telefone para recados.,55,17,20943537,,true,XVlgk3fK4MvN@YRDf7.com
7a04d75d-b477-43ed-9c17-b7a43f185aef,459b64e6-be78-4777-8b0b-f3b14e61ef31,322.144.455-96,Instituição Financeira 02,Cliente 00257,Cliente 00257,2021-05-21,VIUVO,NAO_DISPONIVEL,00.055.102/2980-34,322.144.455-96,NA,NA,NA,NA,,false,BRA,,true,Rua 00257,Centro,Engenho Velho,4306924,RS,22229,Brasil,BRA,true,FIXO,Telefone para recados.,55,23,29842043,,true,Oc0o5opTJOxv@Ywlzu.com
d995657c-e362-4826-b531-a7167cb2e3c1,3fda1ef5-4b72-4557-bcbf-296780ba2c1f,260.963.183-50,Instituição Financeira 01,Cliente 00258,Cliente 00258,2021-05-21,VIUVO,OUTRO,00.063.281/5749-36,260.963.183-50,NA,NA,NA,NA,,false,BRA,,true,Rua 00258,Centro,Oliveira de Fátima,1715507,TO,42098,Brasil,BRA,true,FIXO,Telefone para recados.,55,25,23590073,,true,ZZMMdibAJK6n@MyZSX.com
10605842-7110-492c-b4b5-358e97bc8a4e,d3d2b0d5-903a-4f9f-b793-c139490d5ca7,200.344.192-05,Instituição Financeira 09,Cliente 00259,Cliente 00259,2021-05-21,SOLTEIRO,MASCULINO,00.009.921/6370-51,200.344.192-05,NA,NA,NA,NA,,false,BRA,,true,Rua 00259,Centro,Araguainha,5101209,MT,12121,Brasil,BRA,true,FIXO,Telefone para recados.,55,22,21478670,,true,ShQUizUrlXFj@rORTY.com
04e1d324-a92a-4466-bca7-41c236e01dea,a81729b5-ec71-4552-b4b1-26931c130154,504.680.731-42,Instituição Financeira 04,Cliente 00260,Cliente 00260,2021-05-21,UNIAO_ESTAVEL,NAO_DISPONIVEL,00.087.205/9506-29,504.680.731-42,NA,NA,NA,NA,,false,BRA,,true,Rua 00260,Centro,Nova Castilho,3532868,SP,35009,Brasil,BRA,true,FIXO,Telefone para recados.,55,22,28835384,,true,sPCLuRPeUQ2o@SaETC.com
b04e2864-cc82-434f-9010-6b84e7178aee,3fda1ef5-4b72-4557-bcbf-296780ba2c1f,615.575.460-00,Instituição Financeira 01,Cliente 00261,Cliente 00261,2021-05-21,VIUVO,MASCULINO,00.063.281/5749-36,615.575.460-00,NA,NA,NA,NA,,false,BRA,,true,Rua 00261,Centro,Porto Vera Cruz,4315073,RS,39681,Brasil,BRA,true,FIXO,Telefone para recados.,55,10,27217425,,true,htFI1adOmfjq@Q19ja.com
9e552d09-becf-4ac2-9730-69d59f68464c,d3d2b0d5-903a-4f9f-b793-c139490d5ca7,645.257.083-32,Instituição Financeira 09,Cliente 00262,Cliente 00262,2021-05-21,SEPARADO_JUDICIALMENTE,OUTRO,00.009.921/6370-51,645.257.083-32,NA,NA,NA,NA,,false,BRA,,true,Rua 00262,Centro,Araguainha,5101209,MT,14662,Brasil,BRA,true,FIXO,Telefone para recados.,55,17,24253295,,true,sXYLstUS2Ygj@0ApUF.com
4147d8d7-e639-41d1-b7e0-fac5615433cc,63d929c5-2a09-479e-806c-8cd073a029ab,531.439.240-70,Instituição Financeira 05,Cliente 00263,Cliente 00263,2021-05-21,CASADO,OUTRO,00.017.498/7700-72,531.439.240-70,NA,NA,NA,NA,,false,BRA,,true,Rua 00263,Centro,Grupiara,3127909,MG,11313,Brasil,BRA,true,FIXO,Telefone para recados.,55,12,25716610,,true,UtoI0ryfYlsY@WhS2p.com
4c8f8863-4d78-42fc-aba9-decfc5340c1a,3506654e-b794-4818-b2b1-12f2efb03d39,398.690.343-40,Instituição Financeira 08,Cliente 00264,Cliente 00264,2021-05-21,CASADO,OUTRO,00.053.976/0537-93,398.690.343-40,NA,NA,NA,NA,,false,BRA,,true,Rua 00264,Centro,São João da Paraúna,5220058,GO,36117,Brasil,BRA,true,FIXO,Telefone para recados.,55,17,22635572,,true,C7vMeAsVmo3g@DQpqM.com
a04fb106-80d2-4b4c-a665-63f7e968d8ce,63d929c5-2a09-479e-806c-8cd073a029ab,305.302.331-52,Instituição Financeira 05,Cliente 00265,Cliente 00265,2021-05-21,UNIAO_ESTAVEL,NAO_DISPONIVEL,00.017.498/7700-72,305.302.331-52,NA,NA,NA,NA,,false,BRA,,true,Rua 00265,Centro,Borá,3507209,SP,13417,Brasil,BRA,true,FIXO,Telefone para recados.,55,20,28854350,,true,Lr188VCet5n1@iIakS.com
583338f5-2602-4daa-a7d4-cbb348d0f869,e7fc1280-4dd3-4977-bc24-c08ffea8baf5,483.649.713-76,Instituição Financeira 06,Cliente 00266,Cliente 00266,2021-05-21,CASADO,OUTRO,00.053.287/2180-55,483.649.713-76,NA,NA,NA,NA,,false,BRA,,true,Rua 00266,Centro,Jardim Olinda,4112603,PR,23304,Brasil,BRA,true,FIXO,Telefone para recados.,55,28,28193634,,true,pRF2RzhI17hO@f7OW8.com
ba13da52-1b8d-49a9-8f7e-d2d857417402,f4851ca0-7163-4d71-97a7-df1e999c047f,237.466.821-45,Instituição Financeira 07,Cliente 00267,Cliente 00267,2021-05-21,SOLTEIRO,MASCULINO,00.026.814/6240-28,237.466.821-45,NA,NA,NA,NA,,false,BRA,,true,Rua 00267,Centro,Santiago do Sul,4215695,SC,48544,Brasil,BRA,true,FIXO,Telefone para recados.,55,12,25742154,,true,quYU79U22EzR@06Oy9.com
f3b12df0-c46f-4f5f-bfdf-3dfdb8c2950d,f4851ca0-7163-4d71-97a7-df1e999c047f,823.529.661-63,Instituição Financeira 07,Cliente 00268,Cliente 00268,2021-05-21,CASADO,MASCULINO,00.026.814/6240-28,823.529.661-63,NA,NA,NA,NA,,false,BRA,,true,Rua 00268,Centro,Santiago do Sul,4215695,SC,28910,Brasil,BRA,true,FIXO,Telefone para recados.,55,30,24500498,,true,I2hRxamJ9Vzn@VPgDf.com
ec2b65ec-90bf-4f5e-9819-f9d4c4c32d7e,ac2ab4c1-dc48-4958-b964-e46938817aaa,360.426.723-31,Instituição Financeira 10,Cliente 00269,Cliente 00269,2021-05-21,DIVORCIADO,OUTRO,00.009.467/9711-21,360.426.723-31,NA,NA,NA,NA,,false,BRA,,true,Rua 00269,Centro,Porto Vera Cruz,4315073,RS,26247,Brasil,BRA,true,FIXO,Telefone para recados.,55,22,26229888,,true,WufxpGOJWXC8@TTH53.com
9099e4ab-17a2-4b5b-99b6-c70bf4abf52f,3fda1ef5-4b72-4557-bcbf-296780ba2c1f,303.826.414-98,Instituição Financeira 01,Cliente 00270,Cliente 00270,2021-05-21,OUTRO,FEMININO,00.063.281/5749-36,303.826.414-98,NA,NA,NA,NA,,false,BRA,,true,Rua 00270,Centro,Serra da Saudade,3166600,MG,24434,Brasil,BRA,true,FIXO,Telefone para recados.,55,24,22414562,,true,g0GPgmQ13pZd@ETX67.com
3d2eda3b-8074-4ff9-b6db-d337839be09b,63d929c5-2a09-479e-806c-8cd073a029ab,339.439.112-25,Instituição Financeira 05,Cliente 00271,Cliente 00271,2021-05-21,UNIAO_ESTAVEL,OUTRO,00.017.498/7700-72,339.439.112-25,NA,NA,NA,NA,,false,BRA,,true,Rua 00271,Centro,Miguel Leão,2206308,PI,31109,Brasil,BRA,true,FIXO,Telefone para recados.,55,21,23791632,,true,vUvaoId1Ps1x@WToX2.com
fe8ba19e-43c5-4c3e-910e-fa4f9c5e0f51,ac2ab4c1-dc48-4958-b964-e46938817aaa,755.207.023-24,Instituição Financeira 10,Cliente 00272,Cliente 00272,2021-05-21,DIVORCIADO,NAO_DISPONIVEL,00.009.467/9711-21,755.207.023-24,NA,NA,NA,NA,,false,BRA,,true,Rua 00272,Centro,Lajeado Grande,4209458,SC,29604,Brasil,BRA,true,FIXO,Telefone para recados.,55,23,22246454,,true,3HJobdMScT9I@uVBMI.com
283f0b5b-f3f3-4d26-bcce-a9edc3f0f8aa,ac2ab4c1-dc48-4958-b964-e46938817aaa,831.933.600-63,Instituição Financeira 10,Cliente 00273,Cliente 00273,2021-05-21,SOLTEIRO,OUTRO,00.009.467/9711-21,831.933.600-63,NA,NA,NA,NA,,false,BRA,,true,Rua 00273,Centro,Santiago do Sul,4215695,SC,26969,Brasil,BRA,true,FIXO,Telefone para recados.,55,25,24411341,,true,SgeS0i70bQS8@BPs0x.com
0526f299-f423-4cd1-b082-26cb23c20c86,459b64e6-be78-4777-8b0b-f3b14e61ef31,179.214.757-55,Instituição Financeira 02,Cliente 00274,Cliente 00274,2021-05-21,VIUVO,NAO_DISPONIVEL,00.055.102/2980-34,179.214.757-55,NA,NA,NA,NA,,false,BRA,,true,Rua 00274,Centro,Chapada de Areia,1704600,TO,36334,Brasil,BRA,true,FIXO,Telefone para recados.,55,18,21512689,,true,zKjWCwmDZ2gJ@iB1Kh.com
b84cf6ac-46ac-46e4-acaa-4e0ccddaf28b,d3d2b0d5-903a-4f9f-b793-c139490d5ca7,478.312.875-14,Instituição Financeira 09,Cliente 00275,Cliente 00275,2021-05-21,CASADO,NAO_DISPONIVEL,00.009.921/6370-51,478.312.875-14,NA,NA,NA,NA,,false,BRA,,true,Rua 00275,Centro,Miguel Leão,2206308,PI,45501,Brasil,BRA,true,FIXO,Telefone para recados.,55,12,21371624,,true,Qgwq5wC4VwpV@ambkf.com
f42d209a-823b-4469-b57f-808b331cb54a,d3d2b0d5-903a-4f9f-b793-c139490d5ca7,180.590.513-65,Instituição Financeira 09,Cliente 00276,Cliente 00276,2021-05-21,VIUVO,NAO_DISPONIVEL,00.009.921/6370-51,180.590.513-65,NA,NA,NA,NA,,false,BRA,,true,Rua 00276,Centro,Altamira do Paraná,4100459,PR,14105,Brasil,BRA,true,FIXO,Telefone para recados.,55,10,27329714,,true,uShOlVPmvdaA@AR70V.com
b9071076-71a4-40ea-b7cc-3e48aff426a3,63d929c5-2a09-479e-806c-8cd073a029ab,361.153.973-60,Instituição Financeira 05,Cliente 00277,Cliente 00277,2021-05-21,DIVORCIADO,NAO_DISPONIVEL,00.017.498/7700-72,361.153.973-60,NA,NA,NA,NA,,false,BRA,,true,Rua 00277,Centro,Borá,3507209,SP,26032,Brasil,BRA,true,FIXO,Telefone para recados.,55,13,29750503,,true,pjXFFWX6pE0L@joRZz.com
28e85372-6c4e-4ff3-b830-95d756e54843,f4851ca0-7163-4d71-97a7-df1e999c047f,527.265.611-76,Instituição Financeira 07,Cliente 00278,Cliente 00278,2021-05-21,SEPARADO_JUDICIALMENTE,OUTRO,00.026.814/6240-28,527.265.611-76,NA,NA,NA,NA,,false,BRA,,true,Rua 00278,Centro,Miguel Leão,2206308,PI,11211,Brasil,BRA,true,FIXO,Telefone para recados.,55,11,25142408,,true,T0BImAqnySS6@qFkSN.com
2051d8d6-dab1-44ce-b8b7-ef34d8dcc6c1,f4851ca0-7163-4d71-97a7-df1e999c047f,888.939.067-50,Instituição Financeira 07,Cliente 00279,Cliente 00279,2021-05-21,OUTRO,OUTRO,00.026.814/6240-28,888.939.067-50,NA,NA,NA,NA,,false,BRA,,true,Rua 00279,Centro,Flora Rica,3515806,SP,49840,Brasil,BRA,true,FIXO,Telefone para recados.,55,13,20392143,,true,dtrBIeAPsAoo@nylKE.com
c18aa477-a711-432b-a75f-233364eb74b3,459b64e6-be78-4777-8b0b-f3b14e61ef31,351.189.116-10,Instituição Financeira 02,Cliente 00280,Cliente 00280,2021-05-21,UNIAO_ESTAVEL,OUTRO,00.055.102/2980-34,351.189.116-10,NA,NA,NA,NA,,false,BRA,,true,Rua 00280,Centro,Cachoeira de Goiás,5204201,GO,44176,Brasil,BRA,true,FIXO,Telefone para recados.,55,13,26138609,,true,sLSOG1cOagQz@RrpqZ.com
a8c6ca7c-fe69-4c81-ad09-01641ccba985,3fda1ef5-4b72-4557-bcbf-296780ba2c1f,677.081.894-41,Instituição Financeira 01,Cliente 00281,Cliente 00281,2021-05-21,SOLTEIRO,MASCULINO,00.063.281/5749-36,677.081.894-41,NA,NA,NA,NA,,false,BRA,,true,Rua 00281,Centro,Senador José Bento,3165800,MG,32620,Brasil,BRA,true,FIXO,Telefone para recados.,55,19,20678831,,true,omxYjCicpyqm@HgJa4.com
c2b19131-8f1d-485a-853d-70484dc6cb58,63d929c5-2a09-479e-806c-8cd073a029ab,944.604.350-73,Instituição Financeira 05,Cliente 00282,Cliente 00282,2021-05-21,UNIAO_ESTAVEL,FEMININO,00.017.498/7700-72,944.604.350-73,NA,NA,NA,NA,,false,BRA,,true,Rua 00282,Centro,Uru,3555901,SP,35599,Brasil,BRA,true,FIXO,Telefone para recados.,55,16,25183035,,true,CaXvsd11Jk8h@pbDwp.com
58b999f9-cc7c-49a6-b94c-1950178764d9,3506654e-b794-4818-b2b1-12f2efb03d39,327.202.078-60,Instituição Financeira 08,Cliente 00283,Cliente 00283,2021-05-21,OUTRO,MASCULINO,00.053.976/0537-93,327.202.078-60,NA,NA,NA,NA,,false,BRA,,true,Rua 00283,Centro,Araguainha,5101209,MT,31074,Brasil,BRA,true,FIXO,Telefone para recados.,55,27,27375508,,true,0qjXyhZ7cgGo@bT9ez.com
945122d8-3898-44e2-9b76-448e370cc041,63d929c5-2a09-479e-806c-8cd073a029ab,694.100.078-30,Instituição Financeira 05,Cliente 00284,Cliente 00284,2021-05-21,VIUVO,FEMININO,00.017.498/7700-72,694.100.078-30,NA,NA,NA,NA,,false,BRA,,true,Rua 00284,Centro,Jardim Olinda,4112603,PR,24476,Brasil,BRA,true,FIXO,Telefone para recados.,55,16,26791460,,true,llKSsP2c57Zt@2228C.com
b5a34ada-af6d-466a-964e-13e7f47777d1,3fda1ef5-4b72-4557-bcbf-296780ba2c1f,238.919.397-23,Instituição Financeira 01,Cliente 00285,Cliente 00285,2021-05-21,VIUVO,OUTRO,00.063.281/5749-36,238.919.397-23,NA,NA,NA,NA,,false,BRA,,true,Rua 00285,Centro,Araguainha,5101209,MT,48179,Brasil,BRA,true,FIXO,Telefone para recados.,55,24,27084212,,true,86G1SKllRucc@oLkWD.com
0e73aa81-b1b5-4d17-9db2-8e9d7c9d0f47,e7fc1280-4dd3-4977-bc24-c08ffea8baf5,230.995.142-48,Instituição Financeira 06,Cliente 00286,Cliente 00286,2021-05-21,OUTRO,NAO_DISPONIVEL,00.053.287/2180-55,230.995.142-48,NA,NA,NA,NA,,false,BRA,,true,Rua 00286,Centro,São João da Paraúna,5220058,GO,33118,Brasil,BRA,true,FIXO,Telefone para recados.,55,26,23090970,,true,tTP6s3uJEkCQ@7KNMs.com
3a9da75e-11c2-4902-aced-c7129503923b,63d929c5-2a09-479e-806c-8cd073a029ab,223.124.654-34,Instituição Financeira 05,Cliente 00287,Cliente 00287,2021-05-21,VIUVO,MASCULINO,00.017.498/7700-72,223.124.654-34,NA,NA,NA,NA,,false,BRA,,true,Rua 00287,Centro,Lajeado Grande,4209458,SC,47506,Brasil,BRA,true,FIXO,Telefone para recados.,55,22,28852277,,true,kZNOpVxYqaYI@KfBlf.com
2d60c842-b841-41c3-837f-134931d06ad4,f4851ca0-7163-4d71-97a7-df1e999c047f,148.277.317-99,Instituição Financeira 07,Cliente 00288,Cliente 00288,2021-05-21,CASADO,NAO_DISPONIVEL,00.026.814/6240-28,148.277.317-99,NA,NA,NA,NA,,false,BRA,,true,Rua 00288,Centro,Uru,3555901,SP,35154,Brasil,BRA,true,FIXO,Telefone para recados.,55,22,21857531,,true,0tlDpMqN6W97@3S0XD.com
0b9ec967-1615-49a4-b4ea-af6863988fdf,ac2ab4c1-dc48-4958-b964-e46938817aaa,995.304.934-57,Instituição Financeira 10,Cliente 00289,Cliente 00289,2021-05-21,DIVORCIADO,MASCULINO,00.009.467/9711-21,995.304.934-57,NA,NA,NA,NA,,false,BRA,,true,Rua 00289,Centro,União da Serra,4322350,RS,22923,Brasil,BRA,true,FIXO,Telefone para recados.,55,30,27017223,,true,5ZwvP1aMqCo5@WRrAV.com
a822791d-e3b8-420b-a052-8ff71bd07dc2,e7fc1280-4dd3-4977-bc24-c08ffea8baf5,894.166.285-10,Instituição Financeira 06,Cliente 00290,Cliente 00290,2021-05-21,UNIAO_ESTAVEL,NAO_DISPONIVEL,00.053.287/2180-55,894.166.285-10,NA,NA,NA,NA,,false,BRA,,true,Rua 00290,Centro,Senador José Bento,3165800,MG,28061,Brasil,BRA,true,FIXO,Telefone para recados.,55,25,25158703,,true,Q2UU84pqshrv@cHb8R.com
d054650d-d930-45ad-bbb6-431f4f677b7e,63d929c5-2a09-479e-806c-8cd073a029ab,776.518.722-32,Instituição Financeira 05,Cliente 00291,Cliente 00291,2021-05-21,CASADO,OUTRO,00.017.498/7700-72,776.518.722-32,NA,NA,NA,NA,,false,BRA,,true,Rua 00291,Centro,Cachoeira de Goiás,5204201,GO,23857,Brasil,BRA,true,FIXO,Telefone para recados.,55,20,22306768,,true,Lfdh714qFa8s@zefUE.com
941bf9c3-c498-4dda-9097-a24bc81fa52e,459b64e6-be78-4777-8b0b-f3b14e61ef31,502.762.171-76,Instituição Financeira 02,Cliente 00292,Cliente 00292,2021-05-21,SEPARADO_JUDICIALMENTE,OUTRO,00.055.102/2980-34,502.762.171-76,NA,NA,NA,NA,,false,BRA,,true,Rua 00292,Centro,Engenho Velho,4306924,RS,20806,Brasil,BRA,true,FIXO,Telefone para recados.,55,25,29277477,,true,CNEm1pWfwmt7@yS5Yo.com
9acd3ac9-a247-4c8e-90fa-dd08f620ac81,459b64e6-be78-4777-8b0b-f3b14e61ef31,315.132.677-23,Instituição Financeira 02,Cliente 00293,Cliente 00293,2021-05-21,CASADO,FEMININO,00.055.102/2980-34,315.132.677-23,NA,NA,NA,NA,,false,BRA,,true,Rua 00293,Centro,Jardim Olinda,4112603,PR,32419,Brasil,BRA,true,FIXO,Telefone para recados.,55,22,23961227,,true,3IzEUIZaWoyU@u6I93.com
8710c1d3-d520-46f4-b955-43d2b07ef9e9,f4851ca0-7163-4d71-97a7-df1e999c047f,818.277.824-47,Instituição Financeira 07,Cliente 00294,Cliente 00294,2021-05-21,SOLTEIRO,FEMININO,00.026.814/6240-28,818.277.824-47,NA,NA,NA,NA,,false,BRA,,true,Rua 00294,Centro,Chapada de Areia,1704600,TO,19462,Brasil,BRA,true,FIXO,Telefone para recados.,55,10,21091942,,true,BRSZIZVRnPHb@8ntQE.com
db9268bb-eaeb-457c-90fb-6a1891ee924c,e7fc1280-4dd3-4977-bc24-c08ffea8baf5,795.630.184-26,Instituição Financeira 06,Cliente 00295,Cliente 00295,2021-05-21,VIUVO,OUTRO,00.053.287/2180-55,795.630.184-26,NA,NA,NA,NA,,false,BRA,,true,Rua 00295,Centro,Serra da Saudade,3166600,MG,28705,Brasil,BRA,true,FIXO,Telefone para recados.,55,29,22547100,,true,7z9Vavh5ZwNz@3eFqg.com
33f8a7db-70c9-4f20-a78c-576f6157eef9,63d929c5-2a09-479e-806c-8cd073a029ab,958.191.924-22,Instituição Financeira 05,Cliente 00296,Cliente 00296,2021-05-21,VIUVO,NAO_DISPONIVEL,00.017.498/7700-72,958.191.924-22,NA,NA,NA,NA,,false,BRA,,true,Rua 00296,Centro,Chapada de Areia,1704600,TO,49394,Brasil,BRA,true,FIXO,Telefone para recados.,55,15,27711194,,true,lkCzWsbk3Tc4@hpPcb.com
21a5c0a8-9d2e-461c-8d19-06f732b6ea95,3fda1ef5-4b72-4557-bcbf-296780ba2c1f,545.301.573-55,Instituição Financeira 01,Cliente 00297,Cliente 00297,2021-05-21,VIUVO,FEMININO,00.063.281/5749-36,545.301.573-55,NA,NA,NA,NA,,false,BRA,,true,Rua 00297,Centro,Borá,3507209,SP,27061,Brasil,BRA,true,FIXO,Telefone para recados.,55,21,24841693,,true,WNQ8jSAPD91l@pEhlr.com
3e6c6011-dcd5-411b-b75b-4e0457fa6292,459b64e6-be78-4777-8b0b-f3b14e61ef31,648.262.271-95,Instituição Financeira 02,Cliente 00298,Cliente 00298,2021-05-21,CASADO,OUTRO,00.055.102/2980-34,648.262.271-95,NA,NA,NA,NA,,false,BRA,,true,Rua 00298,Centro,Senador José Bento,3165800,MG,32878,Brasil,BRA,true,FIXO,Telefone para recados.,55,30,26773205,,true,XBufU1EGVn4g@O451s.com
487688e1-9bec-497b-9ee8-5580253d1806,e7fc1280-4dd3-4977-bc24-c08ffea8baf5,607.812.792-62,Instituição Financeira 06,Cliente 00299,Cliente 00299,2021-05-21,OUTRO,NAO_DISPONIVEL,00.053.287/2180-55,607.812.792-62,NA,NA,NA,NA,,false,BRA,,true,Rua 00299,Centro,Borá,3507209,SP,31956,Brasil,BRA,true,FIXO,Telefone para recados.,55,24,27691237,,true,3iUeNe7Urtjp@0tTCE.com
79d46bd5-bd9e-4e04-8d97-6231baebab2a,d3d2b0d5-903a-4f9f-b793-c139490d5ca7,147.591.832-30,Instituição Financeira 09,Cliente 00300,Cliente 00300,2021-05-21,VIUVO,FEMININO,00.009.921/6370-51,147.591.832-30,NA,NA,NA,NA,,false,BRA,,true,Rua 00300,Centro,Cachoeira de Goiás,5204201,GO,42793,Brasil,BRA,true,FIXO,Telefone para recados.,55,22,26922160,,true,E135CVwFw6W9@0tio9.com
